probe,N,end_s,angle_deg,taper_s,full_Hilbert_prefix,raw_L2,common_band_L2,vs_full_fine_prediction_L2,condition_weighted,condition_max,seconds
1,1101,220,15,0,0,0.0515524642360934,0.0514907438630094,NaN,2.1230258148195,9.96373853753671,0.400455
1,1101,220,7.5,0,0,0.0461778837881901,0.046190812253735,NaN,2.94767894836697,11.9388466027221,0.276292
1,1101,220,3.75,0,0,0.0295207981791526,0.0297300741800142,NaN,4.24028921256011,17.7850231054867,0.626651
1,1101,220,1.875,0,0,0.0265917784759166,0.0268272253836379,0,5.65768373901709,23.6815221504805,2.114206
2,1101,220,15,0,0,0.0748283890143312,0.0751308924571137,NaN,2.21647266887721,12.4331797499108,0.24772
2,1101,220,7.5,0,0,0.0551421303748726,0.0552807546780575,NaN,3.08337030576786,17.196896622981,0.27277
2,1101,220,3.75,0,0,0.0414399475541527,0.0420104220559937,NaN,4.54275751703451,23.278888937747,0.631642
2,1101,220,1.875,0,0,0.0388640509945262,0.0396323546596978,0,6.05941186080641,32.233204178227,2.033504
3,1101,220,15,0,0,0.0480005906955241,0.0481197289907866,NaN,2.13920459800999,10.9005182329503,0.255315
3,1101,220,7.5,0,0,0.0420988782208553,0.0422777112452286,NaN,3.01696214069762,13.4202175426293,0.409334
3,1101,220,3.75,0,0,0.0284425494083594,0.0287945547836881,NaN,4.29486000932213,20.3829959070029,0.625057
3,1101,220,1.875,0,0,0.0235500383954677,0.0239462132041466,0,5.6727773932553,25.904279795154,2.015451
4,1101,220,15,0,0,0.0783079296551806,0.0789173791797135,NaN,2.2257007527206,18.8921731909487,0.21159
4,1101,220,7.5,0,0,0.0565468576293724,0.0569508589271685,NaN,3.08097904427487,23.2917872133553,0.280838
4,1101,220,3.75,0,0,0.0465303952150291,0.0474319971080844,NaN,4.56317853596085,26.8235277662112,0.636756
4,1101,220,1.875,0,0,0.0441428954784527,0.0452769024301716,0,6.09253166041018,34.089201034766,2.022268
5,1101,220,15,0,0,0.0581102193478934,0.0582601986669319,NaN,2.14352399447371,9.63399869902421,0.198201
5,1101,220,7.5,0,0,0.0427866558198431,0.04298052794967,NaN,3.05322091777913,11.9629857502559,0.264219
5,1101,220,3.75,0,0,0.0306469789821429,0.0309956558233916,NaN,4.31890081711062,18.2282402865391,0.596323
5,1101,220,1.875,0,0,0.0237538399281213,0.0241830074005098,0,5.67330527273786,23.1003285680354,2.02503
1,1051,209.999999999995,1.875,0,0,0.0392652452171605,0.0392078843143116,0.0428998687826782,5.82300386120524,28.6391386678722,2.020735
1,1051,209.999999999995,1.875,0,1,0.0275331878550734,0.0280896132360842,0.0357653591835728,5.83716516195742,28.6391386678722,2.097771
1,1001,199.999999999996,1.875,0,0,0.0687518285290858,0.0689716048842934,0.0869706212037001,5.67975592262157,69.0403461836464,1.797257
1,1001,199.999999999996,1.875,0,1,0.0901311330877704,0.0902380078787866,0.106460608539018,5.66412668111456,69.0403461836464,1.788082
1,1101,220,1.875,10,0,0.0448342711703478,0.0450330927794592,0.0359328042632088,5.5869487904158,19.9287713216448,2.088451
1,1051,209.999999999995,1.875,10,0,0.0314417228596101,0.0315755073736074,0.0480417071197475,5.77085301385164,40.0542733112388,1.808553
1,1001,199.999999999996,1.875,10,0,0.0251938412424034,0.0253224802387431,0.0412784807254302,5.58402891240355,40.4176106632222,1.844114
1,1101,220,1.875,20,0,0.0238096960170285,0.0240166788283592,0.0325740738774825,5.4985047224374,43.1482712040132,2.034043
1,1051,209.999999999995,1.875,20,0,0.0302738850781229,0.0303158769724793,0.0404311319644731,5.69551940725106,56.0466188334038,1.800436
1,1001,199.999999999996,1.875,20,0,0.0205794808717842,0.0205404922256027,0.0221626836233015,5.44938054309763,70.5344461860231,1.795871
