id,mx,my,kx,ky,realized_k,realized_theta_deg,cell_mass,c,phase
1,3,-4,0.6,-0.8,1,-53.130102354156,10.9459544313336,0.00313482569228382,0
2,3,4,0.6,0.8,1,53.130102354156,10.9459544313336,0.00313482569228382,0
3,2,-4,0.4,-0.8,0.894427190999916,-63.434948822922,9.35578150060039,0.00267941406146549,0
4,2,4,0.4,0.8,0.894427190999916,63.434948822922,9.35578150060039,0.00267941406146549,0
5,1,-5,0.2,-1,1.01980390271856,-78.6900675259798,8.90679927763635,0.00255082947647057,0
6,1,5,0.2,1,1.01980390271856,78.6900675259798,8.90679927763635,0.00255082947647057,0
7,2,-5,0.4,-1,1.0770329614269,-68.1985905136482,8.63558394630162,0.00247315577573091,0
8,2,5,0.4,1,1.0770329614269,68.1985905136482,8.63558394630162,0.00247315577573091,0
9,4,-3,0.8,-0.6,1,-36.869897645844,8.40166777486719,0.00240616422842881,0
10,4,3,0.8,0.6,1,36.869897645844,8.40166777486719,0.00240616422842881,0
11,3,-3,0.6,-0.6,0.848528137423857,-45,6.72566079879561,0.00192617047713051,0
12,3,3,0.6,0.6,0.848528137423857,45,6.72566079879561,0.00192617047713051,0
13,4,-4,0.8,-0.8,1.13137084989848,-45,6.11843864850874,0.00175226735981128,0
14,4,4,0.8,0.8,1.13137084989848,45,6.11843864850874,0.00175226735981128,0
15,1,-4,0.2,-0.8,0.824621125123532,-75.9637565320735,5.87184132858325,0.00168164404240207,0
16,1,4,0.2,0.8,0.824621125123532,75.9637565320735,5.87184132858325,0.00168164404240207,0
17,3,-5,0.6,-1,1.16619037896906,-59.0362434679265,5.72733522300008,0.00164025875660395,0
18,3,5,0.6,1,1.16619037896906,59.0362434679265,5.72733522300008,0.00164025875660395,0
19,4,-2,0.8,-0.4,0.894427190999916,-26.565051177078,5.20608381362084,0.00149097690818115,0
20,4,2,0.8,0.4,0.894427190999916,26.565051177078,5.20608381362084,0.00149097690818115,0
21,2,-3,0.4,-0.6,0.721110255092798,-56.3099324740202,4.43102356961597,0.00126900642756056,0
22,2,3,0.4,0.6,0.721110255092798,56.3099324740202,4.43102356961597,0.00126900642756056,0
23,5,-2,1,-0.4,1.0770329614269,-21.8014094863518,4.20258158806013,0.00120358264040066,0
24,5,2,1,0.4,1.0770329614269,21.8014094863518,4.20258158806013,0.00120358264040066,0
25,5,-3,1,-0.6,1.16619037896906,-30.9637565320735,3.64360238900409,0.00104349588271812,0
26,5,3,1,0.6,1.16619037896906,30.9637565320735,3.64360238900409,0.00104349588271812,0
27,5,-1,1,-0.2,1.01980390271856,-11.3099324740202,3.53864969094002,0.00101343834717568,0
28,5,1,1,0.2,1.01980390271856,11.3099324740202,3.53864969094002,0.00101343834717568,0
29,1,-6,0.2,-1.2,1.21655250605964,-80.5376777919744,3.42771185560961,0.000981666720624353,0
30,1,6,0.2,1.2,1.21655250605964,80.5376777919744,3.42771185560961,0.000981666720624353,0
31,2,-6,0.4,-1.2,1.26491106406735,-71.565051177078,3.11509080977503,0.000892134785097058,0
32,2,6,0.4,1.2,1.26491106406735,71.565051177078,3.11509080977503,0.000892134785097058,0
33,1,-3,0.2,-0.6,0.632455532033676,-71.565051177078,3.0782282589689,0.000881577672688532,0
34,1,3,0.2,0.6,0.632455532033676,71.565051177078,3.0782282589689,0.000881577672688532,0
35,3,-2,0.6,-0.4,0.721110255092798,-33.6900675259798,3.07166641284229,0.000879698417301937,0
36,3,2,0.6,0.4,0.721110255092798,33.6900675259798,3.07166641284229,0.000879698417301937,0
37,5,0,1,0,1,0,3.0389096364384,0.000870317162801794,0
38,4,-5,0.8,-1,1.28062484748657,-51.3401917459099,2.97977066736717,0.00085338027887608,0
39,4,5,0.8,1,1.28062484748657,51.3401917459099,2.97977066736717,0.00085338027887608,0
40,5,-4,1,-0.8,1.28062484748657,-38.6598082540901,2.42346601103703,0.000694059486857362,0
41,5,4,1,0.8,1.28062484748657,38.6598082540901,2.42346601103703,0.000694059486857362,0
42,4,-1,0.8,-0.2,0.824621125123532,-14.0362434679265,2.41366027677764,0.000691251210257923,0
43,4,1,0.8,0.2,0.824621125123532,14.0362434679265,2.41366027677764,0.000691251210257923,0
44,3,-6,0.6,-1.2,1.34164078649987,-63.434948822922,2.34507128342505,0.000671607921961922,0
45,3,6,0.6,1.2,1.34164078649987,63.434948822922,2.34507128342505,0.000671607921961922,0
46,2,-2,0.4,-0.4,0.565685424949238,-45,2.06841574438955,0.000592376193278812,0
47,2,2,0.4,0.4,0.565685424949238,45,2.06841574438955,0.000592376193278812,0
48,4,-6,0.8,-1.2,1.4422205101856,-56.3099324740202,1.64955148970877,0.000472417131198864,0
49,4,6,0.8,1.2,1.4422205101856,56.3099324740202,1.64955148970877,0.000472417131198864,0
50,4,0,0.8,0,0.8,0,1.63214311051323,0.000467431523529331,0
51,5,-5,1,-1,1.4142135623731,-45,1.60256599583091,0.000458960896359139,0
52,5,5,1,1,1.4142135623731,45,1.60256599583091,0.000458960896359139,0
53,2,-7,0.4,-1.4,1.4560219778561,-74.0546040990772,1.4301877340372,0.00040959326859748,0
54,2,7,0.4,1.4,1.4560219778561,74.0546040990772,1.4301877340372,0.00040959326859748,0
55,6,-2,1.2,-0.4,1.26491106406735,-18.434948822922,1.3949013769293,0.000399487564289749,0
56,6,2,1.2,0.4,1.26491106406735,18.434948822922,1.3949013769293,0.000399487564289749,0
57,1,-7,0.2,-1.4,1.4142135623731,-81.869897645844,1.38878679880249,0.000397736402549615,0
58,1,7,0.2,1.4,1.4142135623731,81.869897645844,1.38878679880249,0.000397736402549615,0
59,3,-1,0.6,-0.2,0.632455532033676,-18.434948822922,1.37839475609011,0.000394760212332998,0
60,3,1,0.6,0.2,0.632455532033676,18.434948822922,1.37839475609011,0.000394760212332998,0
61,6,-1,1.2,-0.2,1.21655250605964,-9.46232220802562,1.34531728516256,0.000385287113723832,0
62,6,1,1.2,0.2,1.21655250605964,9.46232220802562,1.34531728516256,0.000385287113723832,0
63,3,-7,0.6,-1.4,1.52315462117278,-66.8014094863518,1.30656074623219,0.000374187579668113,0
64,3,7,0.6,1.4,1.52315462117278,66.8014094863518,1.30656074623219,0.000374187579668113,0
65,6,-3,1.2,-0.6,1.34164078649987,-26.565051177078,1.30492975382577,0.000373720477696183,0
66,6,3,1.2,0.6,1.34164078649987,26.565051177078,1.30492975382577,0.000373720477696183,0
67,6,0,1.2,0,1.2,0,1.28482907503953,0.000367963818951918,0
68,5,-6,1,-1.2,1.56204993518133,-50.1944289077348,1.16335109134711,0.000333173586020221,0
69,5,6,1,1.2,1.56204993518133,50.1944289077348,1.16335109134711,0.000333173586020221,0
70,6,-4,1.2,-0.8,1.4422205101856,-33.6900675259798,1.14349920003507,0.000327488177834411,0
71,6,4,1.2,0.8,1.4422205101856,33.6900675259798,1.14349920003507,0.000327488177834411,0
72,4,-7,0.8,-1.4,1.61245154965971,-60.2551187030578,1.10105255283032,0.00031533182901682,0
73,4,7,0.8,1.4,1.61245154965971,60.2551187030578,1.10105255283032,0.00031533182901682,0
74,6,-5,1.2,-1,1.56204993518133,-39.8055710922652,0.982023829252947,0.000281243042777953,0
75,6,5,1.2,1,1.56204993518133,39.8055710922652,0.982023829252947,0.000281243042777953,0
76,2,-8,0.4,-1.6,1.64924225024706,-75.9637565320735,0.887115183153575,0.000254062035943089,0
77,2,8,0.4,1.6,1.64924225024706,75.9637565320735,0.887115183153575,0.000254062035943089,0
78,5,-7,1,-1.4,1.72046505340853,-54.4623222080256,0.876682597695243,0.000251074234638334,0
79,5,7,1,1.4,1.72046505340853,54.4623222080256,0.876682597695243,0.000251074234638334,0
80,3,-8,0.6,-1.6,1.70880074906351,-69.4439547804165,0.866969346186408,0.000248292444290446,0
81,3,8,0.6,1.6,1.70880074906351,69.4439547804165,0.866969346186408,0.000248292444290446,0
82,6,-6,1.2,-1.2,1.69705627484771,-45,0.824044463819513,0.00023599913310172,0
83,6,6,1.2,1.2,1.69705627484771,45,0.824044463819513,0.00023599913310172,0
84,1,-8,0.2,-1.6,1.61245154965971,-82.8749836510982,0.823074741765981,0.000235721413180003,0
85,1,8,0.2,1.6,1.61245154965971,82.8749836510982,0.823074741765981,0.000235721413180003,0
86,4,-8,0.8,-1.6,1.78885438199983,-63.434948822922,0.780528385331835,0.000223536508510472,0
87,4,8,0.8,1.6,1.78885438199983,63.434948822922,0.780528385331835,0.000223536508510472,0
88,3,0,0.6,0,0.6,0,0.775185284907948,0.000222006291242501,0
89,7,-4,1.4,-0.8,1.61245154965971,-29.7448812969422,0.674496033279949,0.000193169769501032,0
90,7,4,1.4,0.8,1.61245154965971,29.7448812969422,0.674496033279949,0.000193169769501032,0
91,6,-7,1.2,-1.4,1.84390889145858,-49.3987053549955,0.669389693417993,0.000191707358388943,0
92,6,7,1.2,1.4,1.84390889145858,49.3987053549955,0.669389693417993,0.000191707358388943,0
93,7,-3,1.4,-0.6,1.52315462117278,-23.1985905136482,0.660280604895993,0.000189098595040696,0
94,7,3,1.4,0.6,1.52315462117278,23.1985905136482,0.660280604895993,0.000189098595040696,0
95,5,-8,1,-1.6,1.88679622641132,-57.9946167919165,0.658497023996415,0.000188587793057795,0
96,5,8,1,1.6,1.88679622641132,57.9946167919165,0.658497023996415,0.000188587793057795,0
97,7,-5,1.4,-1,1.72046505340853,-35.5376777919744,0.644675758552437,0.000184629503418874,0
98,7,5,1.4,1,1.72046505340853,35.5376777919744,0.644675758552437,0.000184629503418874,0
99,7,-2,1.4,-0.4,1.4560219778561,-15.9453959009229,0.607731216005212,0.000174048909292227,0
100,7,2,1.4,0.4,1.4560219778561,15.9453959009229,0.607731216005212,0.000174048909292227,0
101,3,-9,0.6,-1.8,1.89736659610103,-71.565051177078,0.60126842886849,0.000172198023534657,0
102,3,9,0.6,1.8,1.89736659610103,71.565051177078,0.60126842886849,0.000172198023534657,0
103,2,-9,0.4,-1.8,1.84390889145858,-77.4711922908485,0.600570118897022,0.000171998033661369,0
104,2,9,0.4,1.8,1.84390889145858,77.4711922908485,0.600570118897022,0.000171998033661369,0
105,7,-6,1.4,-1.2,1.84390889145858,-40.6012946450045,0.579874126015548,0.000166070882162689,0
106,7,6,1.4,1.2,1.84390889145858,40.6012946450045,0.579874126015548,0.000166070882162689,0
107,4,-9,0.8,-1.8,1.96977156035922,-66.0375110254218,0.560203358623426,0.000160437346284699,0
108,4,9,0.8,1.8,1.96977156035922,66.0375110254218,0.560203358623426,0.000160437346284699,0
109,1,-9,0.2,-1.8,1.81107702762748,-83.6598082540901,0.552894121706955,0.000158344044707346,0
110,1,9,0.2,1.8,1.81107702762748,83.6598082540901,0.552894121706955,0.000158344044707346,0
111,7,-1,1.4,-0.2,1.4142135623731,-8.13010235415598,0.543768087530509,0.000155730428271753,0
112,7,1,1.4,0.2,1.4142135623731,8.13010235415598,0.543768087530509,0.000155730428271753,0
113,6,-8,1.2,-1.6,2,-53.130102354156,0.529399866233446,0.000151615495256363,0
114,6,8,1.2,1.6,2,53.130102354156,0.529399866233446,0.000151615495256363,0
115,7,0,1.4,0,1.4,0,0.513899086056228,0.000147176207275144,0
116,7,-7,1.4,-1.4,1.97989898732233,-45,0.49702598809571,0.000142343899473493,0
117,7,7,1.4,1.4,1.97989898732233,45,0.49702598809571,0.000142343899473493,0
118,5,-9,1,-1.8,2.0591260281974,-60.9453959009229,0.491791975767337,0.000140844924082755,0
119,5,9,1,1.8,2.0591260281974,60.9453959009229,0.491791975767337,0.000140844924082755,0
120,8,-4,1.6,-0.8,1.78885438199983,-26.565051177078,0.434329958719847,0.000124388304561731,0
121,8,4,1.6,0.8,1.78885438199983,26.565051177078,0.434329958719847,0.000124388304561731,0
122,8,-5,1.6,-1,1.88679622641132,-32.0053832080835,0.432805727427076,0.00012395177803976,0
123,8,5,1.6,1,1.88679622641132,32.0053832080835,0.432805727427076,0.00012395177803976,0
124,3,-10,0.6,-2,2.08806130178211,-73.3007557660064,0.425099159853764,0.000121744684434566,0
125,3,10,0.6,2,2.08806130178211,73.3007557660064,0.425099159853764,0.000121744684434566,0
126,2,-10,0.4,-2,2.03960780543711,-78.6900675259798,0.418488701053552,0.000119851506803078,0
127,2,10,0.4,2,2.03960780543711,78.6900675259798,0.418488701053552,0.000119851506803078,0
128,6,-9,1.2,-1.8,2.16333076527839,-56.3099324740202,0.412187889884417,0.000118047009547115,0
129,6,9,1.2,1.8,2.16333076527839,56.3099324740202,0.412187889884417,0.000118047009547115,0
130,7,-8,1.4,-1.6,2.12602916254693,-48.8140748342904,0.411821609833417,0.000117942110141435,0
131,7,8,1.4,1.6,2.12602916254693,48.8140748342904,0.411821609833417,0.000117942110141435,0
132,8,-3,1.6,-0.6,1.70880074906351,-20.5560452195835,0.408557358555912,0.000117007257101896,0
133,8,3,1.6,0.6,1.70880074906351,20.5560452195835,0.408557358555912,0.000117007257101896,0
134,8,-6,1.6,-1.2,2,-36.869897645844,0.406345725633598,0.000116373864760436,0
135,8,6,1.6,1.2,2,36.869897645844,0.406345725633598,0.000116373864760436,0
136,4,-10,0.8,-2,2.1540659228538,-68.1985905136482,0.405909599066607,0.000116248961922966,0
137,4,10,0.8,2,2.1540659228538,68.1985905136482,0.405909599066607,0.000116248961922966,0
138,1,-10,0.2,-2,2.00997512422418,-84.2894068625004,0.38473825462351,0.000110185673891141,0
139,1,10,0.2,2,2.00997512422418,84.2894068625004,0.38473825462351,0.000110185673891141,0
140,5,-10,1,-2,2.23606797749979,-63.434948822922,0.367589249425095,0.000105274348667713,0
141,5,10,1,2,2.23606797749979,63.434948822922,0.367589249425095,0.000105274348667713,0
142,8,-2,1.6,-0.4,1.64924225024706,-14.0362434679265,0.364654723907659,0.000104433926204379,0
143,8,2,1.6,0.4,1.64924225024706,14.0362434679265,0.364654723907659,0.000104433926204379,0
144,8,-7,1.6,-1.4,2.12602916254693,-41.1859251657096,0.363608691621655,0.000104134351698959,0
145,8,7,1.6,1.4,2.12602916254693,41.1859251657096,0.363608691621655,0.000104134351698959,0
146,7,-9,1.4,-1.8,2.28035085019828,-52.1250163489018,0.33394885770273,9.56400344622854e-05,0
147,7,9,1.4,1.8,2.28035085019828,52.1250163489018,0.33394885770273,9.56400344622854e-05,0
148,8,-1,1.6,-0.2,1.61245154965971,-7.1250163489018,0.322946756676163,9.24891288757928e-05,0
149,8,1,1.6,0.2,1.61245154965971,7.1250163489018,0.322946756676163,9.24891288757928e-05,0
150,6,-10,1.2,-2,2.33238075793812,-59.0362434679265,0.318847295936829,9.13150791452928e-05,0
151,6,10,1.2,2,2.33238075793812,59.0362434679265,0.318847295936829,9.13150791452928e-05,0
152,8,-8,1.6,-1.6,2.26274169979695,-45,0.313942790394159,8.99104716184151e-05,0
153,8,8,1.6,1.6,2.26274169979695,45,0.313942790394159,8.99104716184151e-05,0
154,3,-11,0.6,-2.2,2.28035085019828,-74.7448812969422,0.306049072925808,8.76497799187877e-05,0
155,3,11,0.6,2.2,2.28035085019828,74.7448812969422,0.306049072925808,8.76497799187877e-05,0
156,8,0,1.6,0,1.6,0,0.305737213643964,8.756046614581e-05,0
157,2,-11,0.4,-2.2,2.23606797749979,-79.695153531234,0.298220662420835,8.5407791562753e-05,0
158,2,11,0.4,2.2,2.23606797749979,79.695153531234,0.298220662420835,8.5407791562753e-05,0
159,4,-11,0.8,-2.2,2.34093998214392,-70.0168934781,0.297738878876689,8.5269812966023e-05,0
160,4,11,0.8,2.2,2.34093998214392,70.0168934781,0.297738878876689,8.5269812966023e-05,0
161,9,-5,1.8,-1,2.0591260281974,-29.0546040990771,0.294951296169123,8.44714736393007e-05,0
162,9,5,1.8,1,2.0591260281974,29.0546040990771,0.294951296169123,8.44714736393007e-05,0
163,9,-4,1.8,-0.8,1.96977156035922,-23.9624889745782,0.289179965304287,8.28186149153534e-05,0
164,9,4,1.8,0.8,1.96977156035922,23.9624889745782,0.289179965304287,8.28186149153534e-05,0
165,9,-6,1.8,-1.2,2.16333076527839,-33.6900675259798,0.285736168460063,8.18323415945569e-05,0
166,9,6,1.8,1.2,2.16333076527839,33.6900675259798,0.285736168460063,8.18323415945569e-05,0
167,5,-11,1,-2.2,2.41660919471891,-65.5560452195835,0.276356538725591,7.91460976073204e-05,0
168,5,11,1,2.2,2.41660919471891,65.5560452195835,0.276356538725591,7.91460976073204e-05,0
169,1,-11,0.2,-2.2,2.20907220343745,-84.8055710922652,0.274216196898805,7.85331224126065e-05,0
170,1,11,0.2,2.2,2.20907220343745,84.8055710922652,0.274216196898805,7.85331224126065e-05,0
171,9,-3,1.8,-0.6,1.89736659610103,-18.434948822922,0.269240998272325,7.71082690043134e-05,0
172,9,3,1.8,0.6,1.89736659610103,18.434948822922,0.269240998272325,7.71082690043134e-05,0
173,7,-10,1.4,-2,2.44131112314674,-55.0079798014413,0.267500062284757,7.6609680151538e-05,0
174,7,10,1.4,2,2.44131112314674,55.0079798014413,0.267500062284757,7.6609680151538e-05,0
175,9,-7,1.8,-1.4,2.28035085019828,-37.8749836510982,0.264784963124112,7.58320994792192e-05,0
176,9,7,1.8,1.4,2.28035085019828,37.8749836510982,0.264784963124112,7.58320994792192e-05,0
177,8,-9,1.6,-1.8,2.40831891575846,-48.3664606634298,0.264368495820608,7.57128268830092e-05,0
178,8,9,1.6,1.8,2.40831891575846,48.3664606634298,0.264368495820608,7.57128268830092e-05,0
179,6,-11,1.2,-2.2,2.50599281722833,-61.3895403340348,0.246560123743981,7.0612664747878e-05,0
180,6,11,1.2,2.2,2.50599281722833,61.3895403340348,0.246560123743981,7.0612664747878e-05,0
181,9,-2,1.8,-0.4,1.84390889145858,-12.5288077091515,0.241742334112294,6.92328919000946e-05,0
182,9,2,1.8,0.4,1.84390889145858,12.5288077091515,0.241742334112294,6.92328919000946e-05,0
183,9,-8,1.8,-1.6,2.40831891575846,-41.6335393365702,0.236849053660156,6.78314991410491e-05,0
184,9,8,1.8,1.6,2.40831891575846,41.6335393365702,0.236849053660156,6.78314991410491e-05,0
185,3,-12,0.6,-2.4,2.4738633753706,-75.9637565320735,0.224364767210279,6.42561086021596e-05,0
186,3,12,0.6,2.4,2.4738633753706,75.9637565320735,0.224364767210279,6.42561086021596e-05,0
187,4,-12,0.8,-2.4,2.5298221281347,-71.565051177078,0.221415696886431,6.34115206333768e-05,0
188,4,12,0.8,2.4,2.5298221281347,71.565051177078,0.221415696886431,6.34115206333768e-05,0
189,8,-10,1.6,-2,2.56124969497314,-51.3401917459099,0.218996525315161,6.27186910365393e-05,0
190,8,10,1.6,2,2.56124969497314,51.3401917459099,0.218996525315161,6.27186910365393e-05,0
191,9,-1,1.8,-0.2,1.81107702762748,-6.34019174590991,0.217837411311882,6.23867309155139e-05,0
192,9,1,1.8,0.2,1.81107702762748,6.34019174590991,0.217837411311882,6.23867309155139e-05,0
193,2,-12,0.4,-2.4,2.43310501211929,-80.5376777919744,0.217033850864621,6.21565982257445e-05,0
194,2,12,0.4,2.4,2.43310501211929,80.5376777919744,0.217033850864621,6.21565982257445e-05,0
195,7,-11,1.4,-2.2,2.60768096208106,-57.5288077091515,0.21306329166228,6.10194647689668e-05,0
196,7,11,1.4,2.2,2.60768096208106,57.5288077091515,0.21306329166228,6.10194647689668e-05,0
197,5,-12,1,-2.4,2.6,-67.3801350519596,0.209577514571231,6.00211686723456e-05,0
198,5,12,1,2.4,2.6,67.3801350519596,0.209577514571231,6.00211686723456e-05,0
199,9,0,1.8,0,1.8,0,0.20836045182689,5.96726125382947e-05,0
200,9,-9,1.8,-1.8,2.54558441227157,-45,0.206297198246696,5.90817147437292e-05,0
201,9,9,1.8,1.8,2.54558441227157,45,0.206297198246696,5.90817147437292e-05,0
202,10,-5,2,-1,2.23606797749979,-26.565051177078,0.20454736372052,5.85805774272611e-05,0
203,10,5,2,1,2.23606797749979,26.565051177078,0.20454736372052,5.85805774272611e-05,0
204,10,-6,2,-1.2,2.33238075793812,-30.9637565320735,0.202843508188155,5.80926080928094e-05,0
205,10,6,2,1.2,2.33238075793812,30.9637565320735,0.202843508188155,5.80926080928094e-05,0
206,1,-12,0.2,-2.4,2.40831891575846,-85.2363583092738,0.199765498153213,5.72110929175751e-05,0
207,1,12,0.2,2.4,2.40831891575846,85.2363583092738,0.199765498153213,5.72110929175751e-05,0
208,10,-4,2,-0.8,2.1540659228538,-21.8014094863518,0.197539415754828,5.65735623724429e-05,0
209,10,4,2,0.8,2.1540659228538,21.8014094863518,0.197539415754828,5.65735623724429e-05,0
210,10,-7,2,-1.4,2.44131112314674,-34.9920201985587,0.193298867933472,5.5359106534614e-05,0
211,10,7,2,1.4,2.44131112314674,34.9920201985587,0.193298867933472,5.5359106534614e-05,0
212,6,-12,1.2,-2.4,2.68328157299975,-63.434948822922,0.191343164926596,5.47990102843608e-05,0
213,6,12,1.2,2.4,2.68328157299975,63.434948822922,0.191343164926596,5.47990102843608e-05,0
214,10,-3,2,-0.6,2.08806130178211,-16.6992442339936,0.183345401450867,5.25085207174796e-05,0
215,10,3,2,0.6,2.08806130178211,16.6992442339936,0.183345401450867,5.25085207174796e-05,0
216,8,-11,1.6,-2.2,2.72029410174709,-53.9726266148964,0.179625049329994,5.14430443822714e-05,0
217,8,11,1.6,2.2,2.72029410174709,53.9726266148964,0.179625049329994,5.14430443822714e-05,0
218,10,-8,2,-1.6,2.56124969497314,-38.6598082540901,0.178111235689637,5.10095013849119e-05,0
219,10,8,2,1.6,2.56124969497314,38.6598082540901,0.178111235689637,5.10095013849119e-05,0
220,9,-10,1.8,-2,2.69072480941474,-48.0127875041833,0.176287788948933,5.04872821735009e-05,0
221,9,10,1.8,2,2.69072480941474,48.0127875041833,0.176287788948933,5.04872821735009e-05,0
222,7,-12,1.4,-2.4,2.77848879788996,-59.7435628364707,0.169516305475688,4.85479884828531e-05,0
223,7,12,1.4,2.4,2.77848879788996,59.7435628364707,0.169516305475688,4.85479884828531e-05,0
224,3,-13,0.6,-2.6,2.66833281282527,-77.0053832080835,0.167366271500711,4.79322375415971e-05,0
225,3,13,0.6,2.6,2.66833281282527,77.0053832080835,0.167366271500711,4.79322375415971e-05,0
226,4,-13,0.8,-2.6,2.72029410174709,-72.8972710309476,0.166993466786769,4.78254695294697e-05,0
227,4,13,0.8,2.6,2.72029410174709,72.8972710309476,0.166993466786769,4.78254695294697e-05,0
228,10,-2,2,-0.4,2.03960780543711,-11.3099324740202,0.1662645431298,4.7616712164188e-05,0
229,10,2,2,0.4,2.03960780543711,11.3099324740202,0.1662645431298,4.7616712164188e-05,0
230,2,-13,0.4,-2.6,2.63058928759318,-81.2538377374448,0.161060178541006,4.61262276269729e-05,0
231,2,13,0.4,2.6,2.63058928759318,81.2538377374448,0.161060178541006,4.61262276269729e-05,0
232,5,-13,1,-2.6,2.78567765543682,-68.9624889745782,0.160551238657108,4.59804716918574e-05,0
233,5,13,1,2.6,2.78567765543682,68.9624889745782,0.160551238657108,4.59804716918574e-05,0
234,10,-9,2,-1.8,2.69072480941474,-41.9872124958167,0.159769404178729,4.57565611297121e-05,0
235,10,9,2,1.8,2.69072480941474,41.9872124958167,0.159769404178729,4.57565611297121e-05,0
236,10,-1,2,-0.2,2.00997512422418,-5.71059313749964,0.152341852100119,4.36293751238803e-05,0
237,10,1,2,0.2,2.00997512422418,5.71059313749964,0.152341852100119,4.36293751238803e-05,0
238,6,-13,1.2,-2.6,2.86356421265527,-65.2248594311681,0.149377701704103,4.27804683542137e-05,0
239,6,13,1.2,2.6,2.86356421265527,65.2248594311681,0.149377701704103,4.27804683542137e-05,0
240,9,-11,1.8,-2.2,2.84253408071038,-50.7105931374996,0.148697496444662,4.25856635122331e-05,0
241,9,11,1.8,2.2,2.84253408071038,50.7105931374996,0.148697496444662,4.25856635122331e-05,0
242,1,-13,0.2,-2.6,2.60768096208106,-85.6012946450045,0.148472682497348,4.25212787623745e-05,0
243,1,13,0.2,2.6,2.60768096208106,85.6012946450045,0.148472682497348,4.25212787623745e-05,0
244,10,0,2,0,2,0,0.146976525904467,4.2092792589107e-05,0
245,8,-12,1.6,-2.4,2.88444102037119,-56.3099324740202,0.146584678172838,4.19805708231313e-05,0
246,8,12,1.6,2.4,2.88444102037119,56.3099324740202,0.146584678172838,4.19805708231313e-05,0
247,11,-6,2.2,-1.2,2.50599281722833,-28.6104596659652,0.145884240365967,4.17799715563793e-05,0
248,11,6,2.2,1.2,2.50599281722833,28.6104596659652,0.145884240365967,4.17799715563793e-05,0
249,11,-5,2.2,-1,2.41660919471891,-24.4439547804165,0.144608504701977,4.14146120108846e-05,0
250,11,5,2.2,1,2.41660919471891,24.4439547804165,0.144608504701977,4.14146120108846e-05,0
251,11,-7,2.2,-1.4,2.60768096208106,-32.4711922908485,0.142107566074244,4.06983650436397e-05,0
252,11,7,2.2,1.4,2.60768096208106,32.4711922908485,0.142107566074244,4.06983650436397e-05,0
253,10,-10,2,-2,2.82842712474619,-45,0.140404425336241,4.02106004200467e-05,0
254,10,10,2,2,2.82842712474619,45,0.140404425336241,4.02106004200467e-05,0
255,11,-4,2.2,-0.8,2.34093998214392,-19.9831065219,0.138317871708403,3.96130296954554e-05,0
256,11,4,2.2,0.8,2.34093998214392,19.9831065219,0.138317871708403,3.96130296954554e-05,0
257,7,-13,1.4,-2.6,2.95296461204668,-61.6992442339936,0.135133151295778,3.87009536005961e-05,0
258,7,13,1.4,2.6,2.95296461204668,61.6992442339936,0.135133151295778,3.87009536005961e-05,0
259,11,-8,2.2,-1.6,2.72029410174709,-36.0273733851036,0.134182573270201,3.84287163611856e-05,0
260,11,8,2.2,1.6,2.72029410174709,36.0273733851036,0.134182573270201,3.84287163611856e-05,0
261,11,-3,2.2,-0.6,2.28035085019828,-15.2551187030578,0.128398138141349,3.67721046905427e-05,0
262,11,3,2.2,0.6,2.28035085019828,15.2551187030578,0.128398138141349,3.67721046905427e-05,0
263,4,-14,0.8,-2.8,2.91204395571221,-74.0546040990772,0.127698166377904,3.65716388945552e-05,0
264,4,14,0.8,2.8,2.91204395571221,74.0546040990772,0.127698166377904,3.65716388945552e-05,0
265,3,-14,0.6,-2.8,2.86356421265527,-77.9052429229879,0.126899831648822,3.63430028048044e-05,0
266,3,14,0.6,2.8,2.86356421265527,77.9052429229879,0.126899831648822,3.63430028048044e-05,0
267,9,-12,1.8,-2.4,3,-53.130102354156,0.1243953371168,3.56257374576463e-05,0
268,9,12,1.8,2.4,3,53.130102354156,0.1243953371168,3.56257374576463e-05,0
269,5,-14,1,-2.8,2.9732137494637,-70.3461759419467,0.124315643552712,3.56029139173348e-05,0
270,5,14,1,2.8,2.9732137494637,70.3461759419467,0.124315643552712,3.56029139173348e-05,0
271,11,-9,2.2,-1.8,2.84253408071038,-39.2894068625004,0.123432901507806,3.53501043099689e-05,0
272,11,9,2.2,1.8,2.84253408071038,39.2894068625004,0.123432901507806,3.53501043099689e-05,0
273,2,-14,0.4,-2.8,2.82842712474619,-81.869897645844,0.1216747471915,3.48465842783143e-05,0
274,2,14,0.4,2.8,2.82842712474619,81.869897645844,0.1216747471915,3.48465842783143e-05,0
275,10,-11,2,-2.2,2.9732137494637,-47.7263109939063,0.121539457951589,3.48078386222981e-05,0
276,10,11,2,2.2,2.9732137494637,47.7263109939063,0.121539457951589,3.48078386222981e-05,0
277,8,-13,1.6,-2.6,3.05286750449475,-58.3924977537511,0.119428629804454,3.42033158875157e-05,0
278,8,13,1.6,2.6,3.05286750449475,58.3924977537511,0.119428629804454,3.42033158875157e-05,0
279,11,-2,2.2,-0.4,2.23606797749979,-10.304846468766,0.117556959396784,3.3667285839313e-05,0
280,11,2,2.2,0.4,2.23606797749979,10.304846468766,0.117556959396784,3.3667285839313e-05,0
281,6,-14,1.2,-2.8,3.04630924234556,-66.8014094863518,0.117471875555658,3.36429185707636e-05,0
282,6,14,1.2,2.8,3.04630924234556,66.8014094863518,0.117471875555658,3.36429185707636e-05,0
283,1,-14,0.2,-2.8,2.80713376952364,-85.9143832200251,0.112372977945872,3.2182638854659e-05,0
284,1,14,0.2,2.8,2.80713376952364,85.9143832200251,0.112372977945872,3.2182638854659e-05,0
285,11,-10,2.2,-2,2.9732137494637,-42.2736890060937,0.111185404627592,3.18425282345235e-05,0
286,11,10,2.2,2,2.9732137494637,42.2736890060937,0.111185404627592,3.18425282345235e-05,0
287,11,-1,2.2,-0.2,2.20907220343745,-5.19442890773481,0.109147794810703,3.12589745896674e-05,0
288,11,1,2.2,0.2,2.20907220343745,5.19442890773481,0.109147794810703,3.12589745896674e-05,0
289,7,-14,1.4,-2.8,3.13049516849971,-63.434948822922,0.10815072568303,3.09734227049031e-05,0
290,7,14,1.4,2.8,3.13049516849971,63.434948822922,0.10815072568303,3.09734227049031e-05,0
291,12,-6,2.4,-1.2,2.68328157299975,-26.565051177078,0.106474114824872,3.04932560070524e-05,0
292,12,6,2.4,1.2,2.68328157299975,26.565051177078,0.106474114824872,3.04932560070524e-05,0
293,11,0,2.2,0,2.2,0,0.105978722281434,3.03513799118543e-05,0
294,12,-7,2.4,-1.4,2.77848879788996,-30.2564371635293,0.105498329273936,3.02137995526683e-05,0
295,12,7,2.4,1.4,2.77848879788996,30.2564371635293,0.105498329273936,3.02137995526683e-05,0
296,12,-5,2.4,-1,2.6,-22.6198649480404,0.104250734946251,2.98564994399637e-05,0
297,12,5,2.4,1,2.6,22.6198649480404,0.104250734946251,2.98564994399637e-05,0
298,10,-12,2,-2.4,3.12409987036266,-50.1944289077348,0.104099679787177,2.98132385624779e-05,0
299,10,12,2,2.4,3.12409987036266,50.1944289077348,0.104099679787177,2.98132385624779e-05,0
300,9,-13,1.8,-2.6,3.16227766016838,-55.304846468766,0.103585200442779,2.96658961742845e-05,0
301,9,13,1.8,2.6,3.16227766016838,55.304846468766,0.103585200442779,2.96658961742845e-05,0
302,12,-8,2.4,-1.6,2.88444102037119,-33.6900675259798,0.1016151743512,2.91016979177421e-05,0
303,12,8,2.4,1.6,2.88444102037119,33.6900675259798,0.1016151743512,2.91016979177421e-05,0
304,12,-4,2.4,-0.8,2.5298221281347,-18.434948822922,0.0991473697946381,2.83949402589217e-05,0
305,12,4,2.4,0.8,2.5298221281347,18.434948822922,0.0991473697946381,2.83949402589217e-05,0
306,4,-15,0.8,-3,3.104834939252,-75.0685828218625,0.0989459228721627,2.83372476207722e-05,0
307,4,15,0.8,3,3.104834939252,75.0685828218625,0.0989459228721627,2.83372476207722e-05,0
308,11,-11,2.2,-2.2,3.11126983722081,-45,0.0985342358589796,2.82193440579352e-05,0
309,11,11,2.2,2.2,3.11126983722081,45,0.0985342358589796,2.82193440579352e-05,0
310,3,-15,0.6,-3,3.05941170815567,-78.6900675259798,0.0976811569457901,2.79750297122664e-05,0
311,3,15,0.6,3,3.05941170815567,78.6900675259798,0.0976811569457901,2.79750297122664e-05,0
312,8,-14,1.6,-2.8,3.22490309931942,-60.2551187030578,0.0973846422496337,2.78901104945333e-05,0
313,8,14,1.6,2.8,3.22490309931942,60.2551187030578,0.0973846422496337,2.78901104945333e-05,0
314,5,-15,1,-3,3.16227766016838,-71.565051177078,0.0972981728292975,2.78653464082065e-05,0
315,5,15,1,3,3.16227766016838,71.565051177078,0.0972981728292975,2.78653464082065e-05,0
316,12,-9,2.4,-1.8,3,-36.869897645844,0.0954807825808409,2.73448617232475e-05,0
317,12,9,2.4,1.8,3,36.869897645844,0.0954807825808409,2.73448617232475e-05,0
318,2,-15,0.4,-3,3.02654919008431,-82.4053566314086,0.0934248332850347,2.67560558118985e-05,0
319,2,15,0.4,3,3.02654919008431,82.4053566314086,0.0934248332850347,2.67560558118985e-05,0
320,6,-15,1.2,-3,3.2310988842807,-68.1985905136482,0.0931241133890138,2.66699322616735e-05,0
321,6,15,1.2,3,3.2310988842807,68.1985905136482,0.0931241133890138,2.66699322616735e-05,0
322,12,-3,2.4,-0.6,2.4738633753706,-14.0362434679265,0.092226662101337,2.64129100557224e-05,0
323,12,3,2.4,0.6,2.4738633753706,14.0362434679265,0.092226662101337,2.64129100557224e-05,0
324,10,-13,2,-2.6,3.28024389337134,-52.4314079711725,0.0885385383062088,2.53566636313635e-05,0
325,10,13,2,2.6,3.28024389337134,52.4314079711725,0.0885385383062088,2.53566636313635e-05,0
326,12,-10,2.4,-2,3.12409987036266,-39.8055710922652,0.0878740450144184,2.5166358559611e-05,0
327,12,10,2.4,2,3.12409987036266,39.8055710922652,0.0878740450144184,2.5166358559611e-05,0
328,7,-15,1.4,-3,3.31058907144937,-64.9831065219,0.0870085301748952,2.49184826733179e-05,0
329,7,15,1.4,3,3.31058907144937,64.9831065219,0.0870085301748952,2.49184826733179e-05,0
330,1,-15,0.2,-3,3.00665927567458,-86.1859251657096,0.0864577632987472,2.47607478531486e-05,0
331,1,15,0.2,3,3.00665927567458,86.1859251657096,0.0864577632987472,2.47607478531486e-05,0
332,11,-12,2.2,-2.4,3.25576411921994,-47.4895529219992,0.0862610499661496,2.47044108737733e-05,0
333,11,12,2.2,2.4,3.25576411921994,47.4895529219992,0.0862610499661496,2.47044108737733e-05,0
334,9,-14,1.8,-2.8,3.32866339541865,-57.2647737278924,0.0860915933948088,2.46558799926246e-05,0
335,9,14,1.8,2.8,3.32866339541865,57.2647737278924,0.0860915933948088,2.46558799926246e-05,0
336,12,-2,2.4,-0.4,2.43310501211929,-9.46232220802562,0.0851820115963745,2.43953837144012e-05,0
337,12,2,2.4,0.4,2.43310501211929,9.46232220802562,0.0851820115963745,2.43953837144012e-05,0
338,12,-1,2.4,-0.2,2.40831891575846,-4.76364169072618,0.0799253820413662,2.28899309476066e-05,0
339,12,1,2.4,0.2,2.40831891575846,4.76364169072618,0.0799253820413662,2.28899309476066e-05,0
340,8,-15,1.6,-3,3.4,-61.927513064147,0.0796105432709899,2.27997638751513e-05,0
341,8,15,1.6,3,3.4,61.927513064147,0.0796105432709899,2.27997638751513e-05,0
342,12,-11,2.4,-2.2,3.25576411921994,-42.5104470780008,0.0795244622074529,2.27751110108179e-05,0
343,12,11,2.4,2.2,3.25576411921994,42.5104470780008,0.0795244622074529,2.27751110108179e-05,0
344,13,-7,2.6,-1.4,2.95296461204668,-28.3007557660064,0.0792070123838437,2.26841961555347e-05,0
345,13,7,2.6,1.4,2.95296461204668,28.3007557660064,0.0792070123838437,2.26841961555347e-05,0
346,13,-6,2.6,-1.2,2.86356421265527,-24.7751405688319,0.078905356170095,2.2597804452095e-05,0
347,13,6,2.6,1.2,2.86356421265527,24.7751405688319,0.078905356170095,2.2597804452095e-05,0
348,12,0,2.4,0,2.4,0,0.0779792496259808,2.23325756311188e-05,0
349,4,-16,0.8,-3.2,3.29848450049413,-75.9637565320735,0.0776260852532792,2.22314324410855e-05,0
350,4,16,0.8,3.2,3.29848450049413,75.9637565320735,0.0776260852532792,2.22314324410855e-05,0
351,13,-8,2.6,-1.6,3.05286750449475,-31.6075022462489,0.0775219230643236,2.22016013004435e-05,0
352,13,8,2.6,1.6,3.05286750449475,31.6075022462489,0.0775219230643236,2.22016013004435e-05,0
353,5,-16,1,-3.2,3.35261092284804,-72.6459753637387,0.0769560179771845,2.20395310289394e-05,0
354,5,16,1,3.2,3.35261092284804,72.6459753637387,0.0769560179771845,2.20395310289394e-05,0
355,13,-5,2.6,-1,2.78567765543682,-21.0375110254218,0.0765932351029829,2.19356331841327e-05,0
356,13,5,2.6,1,2.78567765543682,21.0375110254218,0.0765932351029829,2.19356331841327e-05,0
357,3,-16,0.6,-3.2,3.25576411921994,-79.3803447238449,0.076241945074188,2.18350267898144e-05,0
358,3,16,0.6,3.2,3.25576411921994,79.3803447238449,0.076241945074188,2.18350267898144e-05,0
359,10,-14,2,-2.8,3.44093010681705,-54.4623222080256,0.074986487880779,2.14754748210801e-05,0
360,10,14,2,2.8,3.44093010681705,54.4623222080256,0.074986487880779,2.14754748210801e-05,0
361,11,-13,2.2,-2.6,3.40587727318528,-49.7636416907262,0.0748521858656982,2.14370118976282e-05,0
362,11,13,2.2,2.6,3.40587727318528,49.7636416907262,0.0748521858656982,2.14370118976282e-05,0
363,6,-16,1.2,-3.2,3.41760149812701,-69.4439547804165,0.0744370713132383,2.13181267174956e-05,0
364,6,16,1.2,3.2,3.41760149812701,69.4439547804165,0.0744370713132383,2.13181267174956e-05,0
365,13,-9,2.6,-1.8,3.16227766016838,-34.695153531234,0.0741446876982952,2.12343906053205e-05,0
366,13,9,2.6,1.8,3.16227766016838,34.695153531234,0.0741446876982952,2.12343906053205e-05,0
367,2,-16,0.4,-3.2,3.22490309931942,-82.8749836510982,0.0727983773940188,2.08488190996004e-05,0
368,2,16,0.4,3.2,3.22490309931942,82.8749836510982,0.0727983773940188,2.08488190996004e-05,0
369,13,-4,2.6,-0.8,2.72029410174709,-17.1027289690524,0.0726269733224428,2.07997304714037e-05,0
370,13,4,2.6,0.8,2.72029410174709,17.1027289690524,0.0726269733224428,2.07997304714037e-05,0
371,9,-15,1.8,-3,3.49857113690718,-59.0362434679265,0.0715579095852507,2.04935599596349e-05,0
372,9,15,1.8,3,3.49857113690718,59.0362434679265,0.0715579095852507,2.04935599596349e-05,0
373,12,-12,2.4,-2.4,3.39411254969543,-45,0.0710215845767327,2.03399611641472e-05,0
374,12,12,2.4,2.4,3.39411254969543,45,0.0710215845767327,2.03399611641472e-05,0
375,7,-16,1.4,-3.2,3.4928498393146,-66.3706222693432,0.0704180637334588,2.01671180688107e-05,0
376,7,16,1.4,3.2,3.4928498393146,66.3706222693432,0.0704180637334588,2.01671180688107e-05,0
377,13,-10,2.6,-2,3.28024389337134,-37.5685920288275,0.0695091847174376,1.99068230613287e-05,0
378,13,10,2.6,2,3.28024389337134,37.5685920288275,0.0695091847174376,1.99068230613287e-05,0
379,13,-3,2.6,-0.6,2.66833281282527,-12.9946167919165,0.0677700801762215,1.94087587187836e-05,0
380,13,3,2.6,0.6,2.66833281282527,12.9946167919165,0.0677700801762215,1.94087587187836e-05,0
381,1,-16,0.2,-3.2,3.20624390837628,-86.4236656250027,0.0675119050455993,1.93348196175695e-05,0
382,1,16,0.2,3.2,3.20624390837628,86.4236656250027,0.0675119050455993,1.93348196175695e-05,0
