abs_kx_over_k0,mf12_eta20_spectrum_scaled,gl6_eta20_spectrum_scaled,gl12_eta20_spectrum_scaled,gl16_eta20_spectrum_scaled
0,0.00634978509990586,0.00237910655761724,0.00487878589776367,0.00514125581958748
0.1,0.00608237527892917,0.00271906239619771,0.0049914538063936,0.00521408740192181
0.2,0.00401559624759051,0.00228701762351524,0.00367227211115984,0.00373541761814461
0.3,0.00227364900784831,0.00143320108314638,0.0021644182867087,0.0021879609438612
0.4,0.00096578125062657,0.000571928507915333,0.000930701956781277,0.000939239288575668
0.5,0.000102867318843702,7.51864660269647e-05,9.20459420526016e-05,9.4961042282625e-05
0.6,0.000353248219975185,0.000432413873423062,0.000356410030155365,0.00035547913233808
0.7,0.000477964248904813,0.000514206128823992,0.000478890304933662,0.000478592864976481
0.8,0.000368415146348103,0.000386301892465973,0.000368712423410403,0.000368610430643113
0.9,0.000137120276507947,0.000146804916598633,0.000137230525446297,0.000137189924233474
1,7.87870934652482e-05,7.3087158887397e-05,7.87400282084255e-05,7.87586123608156e-05
1.1,0.000206795825095528,0.000203213425720077,0.000206773331831911,0.000206782853982067
1.2,0.000262440311624367,0.000260071627472418,0.000262428572861148,0.000262433899921668
1.3,0.000278943295372518,0.00027731332259752,0.000278936715703049,0.000278939751307223
1.4,0.000274275767771793,0.000273117333191158,0.000274271850901769,0.000274273770749561
1.5,0.000253234278120376,0.000252389034705258,0.00025323182126261,0.000253233096620148
1.6,0.000216862847948267,0.000216234037486333,0.000216861238418457,0.000216862074574885
1.7,0.000164729257359493,0.000164254715639193,0.000164728163522911,0.000164728757333393
1.8,0.000103581222945617,0.000103220527345378,0.000103580457519679,0.000103580891554137
1.9,4.24013092787305e-05,4.21284856675573e-05,4.24007613926181e-05,4.24010644936695e-05
2,1.04181794145017e-05,1.06182871540308e-05,1.04185706387739e-05,1.04183483707539e-05
2.1,4.93551326869732e-05,4.94918675009802e-05,4.93553994149323e-05,4.93552521906384e-05
2.2,6.89626663373386e-05,6.90444258464819e-05,6.89628287612926e-05,6.89627365916026e-05
2.3,6.87039994822326e-05,6.8743606423563e-05,6.87040770449642e-05,6.87040414545853e-05
2.4,5.26516167872058e-05,5.2666249796712e-05,5.26516433865303e-05,5.26516335524354e-05
2.5,2.79154733574226e-05,2.79192989487354e-05,2.79154798072057e-05,2.79154774584153e-05
2.6,7.15706631928099e-06,7.15759749655634e-06,7.15706738332335e-06,7.15706699737238e-06
2.7,9.49910373275435e-20,4.72290742867361e-20,9.63958468515557e-20,6.72782545367925e-20
2.8,1.24555623919184e-19,3.4103956612198e-20,4.25791619348785e-20,4.76680610351598e-20
2.9,1.56623800639751e-19,9.09797262705583e-20,2.22330819533385e-19,1.19581002457619e-19
3,1.45170505804844e-19,8.81214369159365e-20,7.11890899352882e-20,6.41878663293431e-20
3.1,4.4270142028247e-19,9.17727190712284e-20,3.2130396361494e-19,1.11704496608842e-20
3.2,1.0842021724855e-19,2.24545622098935e-20,2.61749558916888e-19,4.4909124419787e-20
3.3,2.27665780713606e-19,6.33873119268157e-20,3.29487128970005e-19,2.27838752503893e-19
3.4,2.88586367477672e-19,7.40473980851133e-20,3.94643921776964e-20,1.6736020024361e-19
3.5,1.0534194936833e-19,1.17790750450627e-19,4.71256789636771e-20,2.06012361791209e-19
3.6,1.34059709867887e-19,6.18036625888089e-20,1.22318236289917e-19,1.19929487219e-20
3.7,1.1234342633737e-19,6.70072552543899e-20,5.76976160920822e-20,3.86104476289111e-20
3.8,6.37666041789058e-20,6.5777563863227e-20,7.65686356778668e-20,1.37445125307292e-19
3.9,1.38806409806113e-19,9.58562556884478e-20,1.17344247123191e-19,8.91936349945424e-20
4,1.90470732559201e-19,4.1202632493981e-20,2.00052903694934e-19,6.84108275711383e-20
4.1,5.23701514751574e-20,1.04843888879279e-19,1.56968496822918e-19,2.21701797470112e-19
4.2,2.34109009871704e-20,8.38995070451522e-20,2.44851172857411e-20,1.3686566431889e-19
4.3,1.8020943867996e-19,9.07959375225883e-20,1.15589301631766e-19,1.59070316220004e-19
4.4,7.49636121966782e-20,9.73444106980978e-20,5.85057331179522e-20,7.78999925256118e-20
4.5,1.23996684526126e-19,6.52653394617848e-20,7.42357213457456e-20,1.56031987486386e-19
4.6,2.28710227261702e-19,1.46054422700615e-19,1.5987894288648e-19,1.30174690943722e-19
4.7,2.21079516043101e-19,2.05193093785812e-20,1.42045529508131e-19,5.73068385489502e-20
4.8,1.09138905358132e-19,8.30081884214915e-20,9.67915515732968e-20,1.08095560039525e-19
4.9,3.74857481566227e-19,1.22072537017567e-19,1.22054350819173e-19,1.63549195240934e-19
5,1.4146316394825e-19,3.57061540873217e-20,9.0275376620323e-20,1.05227283611225e-19
5.1,2.00288297304177e-19,1.85014615557347e-20,1.51047632482692e-19,2.09721674915105e-19
5.2,5.9171177874227e-20,3.27417678714797e-20,1.35661584423941e-19,1.09071742867923e-19
5.3,7.49079097629251e-20,2.68942160879116e-20,9.90379399566298e-20,4.67686177820563e-20
5.4,9.26794947657092e-20,1.37172157444801e-19,1.55917026877041e-19,7.81395838663677e-20
5.5,1.3621750543236e-19,4.14900790813556e-20,1.35513927058779e-19,1.74434581982366e-19
5.6,5.37757573959466e-20,5.31479072176591e-20,4.39364988501184e-20,1.11811766357335e-19
5.7,1.19205767202216e-19,1.13591609218523e-19,2.14957310297098e-19,3.69628998557076e-20
5.8,2.19792508260389e-19,5.24267192416761e-20,1.01686163713986e-19,1.26119794190784e-19
5.9,6.7274642561291e-20,8.67818626211499e-20,4.88616560049921e-20,2.60029242436346e-20
6,1.0842021724855e-19,2.7314104916261e-20,7.11517143506338e-20,7.12892463593085e-20
6.1,2.29026494247503e-19,1.03660361350415e-19,2.05401560137289e-19,1.5802329841521e-19
6.2,2.1079551301915e-19,8.00390112497251e-20,1.56001302821059e-19,1.13467643328229e-19
6.3,4.7063714751401e-19,7.00788602219765e-20,1.06217391212419e-19,1.31126062478604e-19
6.4,2.16840434497101e-19,3.06658683336675e-19,4.84869951806108e-19,0
6.5,5.84168478788563e-19,7.00788602219765e-20,3.48546596003406e-19,1.31126062478604e-19
6.6,2.56399265634012e-19,8.00390112497251e-20,1.82078593231151e-19,1.05062820061629e-19
6.7,2.4303351783381e-19,7.84454951377015e-20,1.28358334293472e-19,1.92597114035692e-19
6.8,5.42101086242752e-20,2.7314104916261e-20,3.72712571389072e-20,1.27680889338482e-19
6.9,2.4768269591826e-19,7.53170541335075e-20,2.31293278741186e-19,2.47194377785006e-19
7,8.98052772011105e-20,7.78115592449683e-20,2.32781624708638e-19,1.21897208613349e-19
7.1,3.65622545108903e-19,1.4969311118821e-19,1.21792061796156e-19,4.15504479362626e-20
7.2,6.06642036978854e-20,6.26409458834473e-20,8.44436283719587e-20,1.50564582580023e-19
7.3,1.45927863097459e-19,4.42305617368576e-20,1.4518027654898e-19,1.1353873336242e-19
7.4,8.77442619164893e-20,1.08439628325645e-19,8.84542892259646e-20,1.0361837624983e-19
7.5,1.38902845780051e-19,7.42763088077298e-20,6.14735536977598e-20,2.02512580727206e-19
7.6,8.25064006772269e-20,4.49380311230948e-20,7.54385224385485e-20,1.30535178695606e-19
7.7,4.5423758334114e-20,6.57056856769683e-20,1.98346892811577e-20,1.19813005311643e-19
7.8,1.02953612069185e-19,1.5493740570676e-19,2.56394719646201e-19,1.33285603712619e-19
7.9,2.34995034905681e-19,1.75380638113302e-19,2.69775813154503e-19,1.23272664344228e-19
8,2.58307651691754e-19,1.01785182238861e-19,2.08479217241162e-19,3.88975037110764e-20
8.1,1.55269021572643e-19,2.2409387436436e-19,3.5122353380563e-19,2.4476116672606e-19
8.2,2.31621507564984e-19,5.48674281242982e-20,1.62076721390279e-19,1.39021980112854e-19
8.3,1.29471417340231e-19,7.05741573543545e-20,1.79204236150826e-19,9.56477442561963e-20
8.4,1.53386651649947e-19,2.95813475382731e-20,1.24795444931954e-19,8.34465501379766e-20
8.5,1.73877676031203e-19,3.36918804143066e-20,1.2191148046615e-19,4.58936862386125e-20
8.6,4.64294719496856e-20,4.41144400652087e-20,1.3335787569322e-19,1.75402451606415e-19
8.7,1.26214505913365e-19,1.25388975575942e-19,1.84916971626379e-19,1.22428069115486e-19
8.8,1.95828292398594e-19,1.31134180639103e-20,6.81773047728282e-20,5.1296702637978e-20
8.9,1.72145022792217e-19,3.43108206906291e-20,2.25783702105952e-19,1.83277070544055e-19
9,9.97407190532035e-20,1.00025948652094e-20,2.08556667740473e-19,1.32330055607494e-19
9.1,8.37876430568736e-20,5.83528203899434e-20,1.43440022697409e-19,4.85702985651398e-20
9.2,1.96780556000367e-19,4.72726375341235e-20,4.48255883956911e-20,5.69505413283053e-20
9.3,1.05438224881311e-19,9.04682942878506e-20,1.17663258884628e-19,1.82786000084323e-19
9.4,1.13121578721559e-19,1.20908692772822e-19,9.08074939909176e-20,7.41651870131351e-20
9.5,1.15094116646544e-19,1.38093187398224e-20,3.08999870680001e-19,8.0967342358993e-20
9.6,1.0842021724855e-19,1.30874779458444e-19,4.4909124419787e-20,2.61749558916888e-19
9.7,2.31299572329293e-19,9.49248549031789e-20,3.55697048240102e-19,1.36632698814486e-19
9.8,3.49319168302676e-19,3.62806004376923e-20,1.80955484434e-20,1.43435078607688e-19
9.9,1.39126948249744e-19,5.91294089359454e-20,1.25929761118789e-19,1.96918754418332e-19
10,6.05836794934675e-20,1.92540950573348e-20,5.35057037126001e-20,9.15814137282889e-20
10.1,8.72547259016513e-20,1.00996620677752e-19,1.00207110397466e-19,1.09669239208173e-19
10.2,2.67412458978179e-20,9.14900199704231e-20,1.07268266893653e-19,1.73192562468235e-19
10.3,8.47955380810756e-20,3.14773155565832e-20,1.37388333215927e-19,2.38455691348645e-19
10.4,9.63088008021962e-20,4.09739876523908e-20,1.28570561593385e-19,1.5213617219803e-19
10.5,2.08035035108869e-19,5.301069551393e-20,5.64043372947217e-20,6.14386859385509e-20
10.6,1.63259263178715e-19,1.02188986761309e-19,1.14585545695601e-19,9.3172442077592e-20
10.7,1.61088356793986e-19,2.21970951801259e-20,5.57958399585112e-20,1.6844799341136e-19
10.8,1.00650897511788e-19,7.5767385982055e-20,1.40983037019633e-19,1.3907557386975e-19
10.9,1.08714137620763e-19,1.0818382895861e-19,4.77256939963137e-20,7.30294743946359e-20
11,2.45558334108924e-19,1.35859739531349e-19,2.86534582971658e-20,1.46508955013468e-19
11.1,2.42268984470726e-19,9.34196297326649e-20,3.43835789317958e-19,1.4173952558921e-19
11.2,2.85890873552501e-19,7.45388993583784e-20,8.80914265144472e-20,1.18342355748454e-19
11.3,8.91134571702197e-20,1.72872918006241e-19,3.22360462062724e-19,6.70422658201548e-20
11.4,6.8512452210717e-20,3.74414960780989e-20,1.20892019237947e-19,1.07378687911804e-19
11.5,8.24279173181409e-20,9.83689122457045e-20,2.26981469012338e-19,1.20248417809644e-19
11.6,8.9449245959734e-20,6.69166771680622e-20,9.34772486854814e-20,1.7317815477739e-19
11.7,1.11121201179505e-19,9.16804153875669e-20,9.80291650628508e-20,9.5109715851707e-20
11.8,1.89269122980071e-20,1.13199440293677e-19,1.52825746523877e-19,1.24653621498312e-19
11.9,1.89885646779761e-19,1.10917108911843e-19,2.3285927321868e-19,2.31257910386625e-19
12,8.80914265144472e-20,6.06087439757635e-20,1.08631769093124e-19,1.01643953670516e-19
12.1,2.09475888890087e-19,2.91390618386143e-20,1.558127983814e-19,8.4233293070838e-20
12.2,1.19554827553e-19,5.48214123742919e-20,2.18235396824037e-19,1.501361291731e-19
12.3,1.15496250131047e-19,8.92302567550093e-20,9.65837666376069e-20,1.13017703004222e-19
12.4,2.03287907341032e-20,6.12598160841722e-20,1.64298018576363e-19,8.04499140530916e-20
12.5,2.19342285058265e-19,1.12858995380187e-19,4.91279109407494e-20,4.36550788738464e-19
12.6,7.03037346221069e-20,7.6232965252887e-21,2.71050543121376e-20,2.14299335655338e-19
12.7,5.59319528647991e-19,2.62580213648833e-20,4.42038408621321e-19,5.59041745187838e-20
12.8,0,0,4.33680868994202e-19,0
