x_over_lambda_p,mf12_eta20_scaled,gl6_eta20_scaled,gl12_eta20_scaled,gl16_eta20_scaled,gl6_difference_pct_of_mf12_peak,gl12_difference_pct_of_mf12_peak,gl16_difference_pct_of_mf12_peak
-5,6.94966523600443e-05,5.54296549320305e-05,6.9108136153338e-05,7.12168835373107e-05,-0.0448968054311623,-0.00124000424600988,0.00549036031730161
-4.9609375,6.95270902388134e-05,5.54748693523541e-05,6.9146670080174e-05,7.12512284130768e-05,-0.0448496440156213,-0.00121416456723802,0.00550283004901878
-4.921875,6.96124952208771e-05,5.56046203648898e-05,6.92563644723315e-05,7.13483500816483e-05,-0.0447081074075477,-0.00113664149064719,0.00554022550580531
-4.8828125,6.97348565281371e-05,5.58009459397028e-05,6.94192123447445e-05,7.14902356501416e-05,-0.0444720400203046,-0.0010074229102394,0.00560253993802633
-4.84375,6.9864102913075e-05,5.60338548158184e-05,6.96051487539094e-05,7.1646810341486e-05,-0.0441411865655616,-0.000826488705862276,0.00568976208061774
-4.8046875,6.99605156742183e-05,5.62637385455964e-05,6.97744637882778e-05,7.17783505020561e-05,-0.04371519515267,-0.000593810823234786,0.00580187612808491
-4.765625,6.99811508770339e-05,5.64477937443653e-05,6.98842247565568e-05,7.18419058116836e-05,-0.0431936171969323,-0.000309353377970697,0.00593886169977345
-4.7265625,6.9889956646327e-05,5.65501409505514e-05,6.98983934410807e-05,7.18014165620542e-05,-0.042575902415969,2.69272198605666e-05,0.00610069379517828
-4.6875,6.96687596367249e-05,5.65528141177959e-05,6.97988125232567e-05,7.1638700110137e-05,-0.0418613891857536,0.000415082121985247,0.00628734273951187
-4.6484375,6.93246920453242e-05,5.64631913594723e-05,6.95926325444728e-05,7.13608778707056e-05,-0.0410492926298195,0.000855169876795722,0.00649877411947077
-4.609375,6.8890095897861e-05,5.631390252698e-05,6.93122161322936e-05,7.10002795792045e-05,-0.0401386941119847,0.00134725623793287,0.00673494870885691
-4.5703125,6.84136354650643e-05,5.6153943358335e-05,6.90062503467844e-05,7.06055556817464e-05,-0.0391285357076731,0.00189141394077555,0.00699582238445775
-4.53125,6.79452238598489e-05,5.60336015988804e-05,6.87246731960663e-05,7.02266039027743e-05,-0.0380176217246752,0.00248772244188447,0.00728134603179628
-4.4921875,6.75205874452502e-05,5.59890188125002e-05,6.85032379501327e-05,6.98991336203541e-05,-0.0368046269909481,0.00313626761860949,0.00759146544094855
-4.453125,6.71521010386239e-05,5.60330216798382e-05,6.83543482385171e-05,6.9635501034651e-05,-0.0354881093211052,0.00383714142907774,0.00792612119252513
-4.4140625,6.68301913244697e-05,5.61565214455907e-05,6.82684613450216e-05,6.94261125419521e-05,-0.0340665221729663,0.00459044153527718,0.0082852485338364
-4.375,6.65349033036649e-05,5.63400775987266e-05,6.8225654528533e-05,6.92509911420673e-05,-0.0325382234852555,0.00539627089319245,0.00866877724537407
-4.3359375,6.62522271366025e-05,5.65702239979556e-05,6.82119517286033e-05,6.90961032365564e-05,-0.030901477968146,0.00625473731377142,0.00907663149747174
-4.296875,6.59869562645659e-05,5.68523285485766e-05,6.8232181541107e-05,6.8966216702212e-05,-0.0291544521387449,0.00716595299784802,0.0095087296974536
-4.2578125,6.57648561271686e-05,5.72127653479616e-05,6.83121457820929e-05,6.88870695575438e-05,-0.0272952033800087,0.00813003404594325,0.00996498432700068
-4.21875,6.56217039348199e-05,5.76879589513469e-05,6.84876590986947e-05,6.88944096812931e-05,-0.0253216655996604,0.00914709994264123,0.0104453017699598
-4.1796875,6.55833589914671e-05,5.83044593438309e-05,6.87846191218088e-05,6.90140650782811e-05,-0.0232316343914357,0.0102172730138034,0.0109495821307575
-4.140625,6.56463441433933e-05,5.90595274427372e-05,6.91995877354005e-05,6.92425252684518e-05,-0.0210227540975559,0.011340677853696,0.0114777190436843
-4.1015625,6.57696222984769e-05,5.99129146079788e-05,6.9691567405573e-05,6.95387177435275e-05,-0.0186925082621992,0.0125174407179699,0.0120295994730849
-4.0625,6.58841832051259e-05,6.07964511544216e-05,7.01915877571323e-05,6.98335946806578e-05,-0.0162382140990132,0.0137476888777708,0.0126051035049911
-4.0234375,6.59190162811186e-05,6.16400196447411e-05,7.06286781859681e-05,7.00561057032093e-05,-0.0136570210101448,0.0150315499288781,0.0132041041299284
-3.984375,6.58334601303776e-05,6.24039037031856e-05,7.09622171435363e-05,7.01655473268062e-05,-0.010945912829997,0.0163691510503111,0.0138264670171585
-3.9453125,6.56409394019439e-05,6.31025232299392e-05,7.12056687463194e-05,7.01752997447898e-05,-0.0081017130742382,0.0177606182079741,0.0144720502800487
-3.90625,6.54106894035003e-05,6.38061568544848e-05,7.1428307122176e-05,7.01545513654728e-05,-0.0051210918342569,0.0192060753019309,0.0151407042326477
-3.8671875,6.52424318272243e-05,6.46156156764779e-05,7.17298918522808e-05,7.02029744589778e-05,-0.00200057211250568,0.0207056432602568,0.0158322711374994
-3.828125,6.52210906370486e-05,6.56169582457345e-05,7.21953835599458e-05,7.04054409627969e-05,0.00126346728181491,0.0222594390865302,0.0165465849448847
-3.7890625,6.53693123527779e-05,6.68340119010237e-05,7.28474638848986e-05,7.07845426818018e-05,0.00467479509889905,0.0238675748709353,0.0172834710243808
-3.75,6.56195329466472e-05,6.82004431800893e-05,7.36186020614902e-05,7.12726580983783e-05,0.00823733886205083,0.0255301567742049,0.0180427458890292
-3.7109375,6.58217840166729e-05,6.9567569711083e-05,7.43588607669212e-05,7.17197584574652e-05,0.0119552031177494,0.0272472839899367,0.0188242169134747
-3.671875,6.57895664130134e-05,7.07502405950572e-05,7.48817694150386e-05,7.19392813027366e-05,0.0158326909987968,0.0290190476831695,0.0196276820461471
-3.6328125,6.53691533270059e-05,7.15961454088436e-05,7.50336269021275e-05,7.17774334738429e-05,0.0198743230991781,0.0308455298948688,0.0204529295162844
-3.59375,6.45049467036301e-05,7.20511736757414e-05,7.47588576602242e-05,7.11785474254275e-05,0.0240848472348166,0.0327268023956461,0.0212997375356815
-3.5546875,6.32713689185336e-05,7.21913054038533e-05,7.41319029531405e-05,7.02169728089185e-05,0.0284692348092846,0.0346629254697398,0.0221678739947397
-3.515625,6.18526224632558e-05,7.22023654896842e-05,7.33369801542217e-05,6.90768360607844e-05,0.0330326639567529,0.0366539466145316,0.0230570961529776
-3.4765625,6.04723446264364e-05,7.23096707249832e-05,7.25977369920348e-05,6.79816949848906e-05,0.0377804950481687,0.0386998991505212,0.0239671503235322
-3.4375,5.9297760029973e-05,7.26821753642974e-05,7.20814036252885e-05,6.70986911881049e-05,0.0427182484499734,0.0408008007492217,0.0248977715522333
-3.3984375,5.83575892998907e-05,7.33503769977696e-05,7.18167008327242e-05,6.64564586491758e-05,0.0478515955936617,0.0429566518980492,0.0258486832920819
-3.359375,5.75122016293176e-05,7.41764729934106e-05,7.16639920833022e-05,6.59152761787132e-05,0.0531863713571045,0.0451674343275147,0.0268195970745292
-3.3203125,5.64966881213493e-05,7.48974447699696e-05,7.13583563816973e-05,6.5210140658459e-05,0.0587286089492036,0.0474331094238024,0.0278102121788417
-3.28125,5.50283617900187e-05,7.52325735015789e-05,7.06170877715574e-05,6.40582669386443e-05,0.0644845900303838,0.049753616640255,0.0288202153014071
-3.2421875,5.29409890952486e-05,7.5017687658612e-05,6.92739263713095e-05,6.22933192694882e-05,0.0704608957976969,0.0521288719042743,0.0298492802255464
-3.203125,5.02915054548883e-05,7.4311889551371e-05,6.73857733795355e-05,5.99721267101506e-05,0.0766644421938907,0.0545587660002447,0.0308970674925085
-3.1640625,4.73897265469539e-05,7.34272685039857e-05,6.52624018530578e-05,5.74043943281723e-05,0.0831024858810715,0.0570431628966174,0.0319632240733678
-3.125,4.4728082949823e-05,7.28586268299577e-05,6.3396190794814e-05,5.50824377370441e-05,0.0897825965862503,0.0595818979831049,0.0330473830414803
-3.0859375,4.28278069195666e-05,7.31296496892285e-05,6.23083113427473e-05,5.35273697709222e-05,0.0967126030979361,0.0621747761925861,0.0341491632449691
-3.046875,4.20549085908128e-05,7.46088616048096e-05,6.23647023438215e-05,5.31050765829453e-05,0.103900530441128,0.0648215700004304,0.0352681689794323
-3.0078125,4.24777133663489e-05,7.7367148409714e-05,6.36336070830816e-05,5.38837549325986e-05,0.111354550589857,0.0675220173162861,0.0364039896616353
-2.96875,4.38278862968878e-05,8.11387765327327e-05,6.58465969800955e-05,5.55949364641256e-05,0.119082966208995,0.0702758193031545,0.0375561995060235
-2.9296875,4.55899429057484e-05,8.54109120121226e-05,6.84880817216438e-05,5.77229984313221e-05,0.127094236790633,0.0730826381688023,0.0387243572059207
-2.890625,4.71930678851623e-05,8.9615459152758e-05,7.09871272707525e-05,5.96969822962981e-05,0.135397042361926,0.075942094972232,0.0399080056222018
-2.8515625,4.82338182708802e-05,9.33517897371465e-05,7.29401583669055e-05,6.11132968094358e-05,0.144000366583966,0.0788537674712573,0.041106671481208
-2.8125,4.86386869701808e-05,9.65493305591907e-05,7.42735213927588e-05,6.18982814460627e-05,0.152913573369528,0.081817188011888,0.0423198650832369
-2.7734375,4.86923762851443e-05,9.94958511050957e-05,7.5271757240635e-05,6.23364798418548e-05,0.162146452069152,0.0848318414321274,0.0435470800220908
-2.734375,4.89074602417171e-05,0.000102707125332857,7.64472629739187e-05,6.29403020372653e-05,0.171709215717093,0.0878971629310116,0.0447877929149495
-2.6953125,4.97761032748519e-05,0.000106678634883038,7.82920098157502e-05,6.4201743081118e-05,0.181612451642711,0.0910125358458032,0.0460414631421038
-2.65625,5.14986988253774e-05,0.000111614181798621,8.10061810055447e-05,6.63210215486894e-05,0.191867038880319,0.0941772892890562,0.04730753259549
-2.6171875,5.38037495634518e-05,0.000117245740236126,8.43180512312134e-05,6.90264596893097e-05,0.202484057168045,0.0973906956232897,0.0485854254366014
-2.578125,5.59463978328955e-05,0.000122831964258375,8.74825162354859e-05,7.15730137980616e-05,0.213474714652154,0.100651967786357,0.0498745478646626
-2.5390625,5.6906521011759e-05,0.000127356273009917,8.94791873074988e-05,7.29403695077569e-05,0.224850315379745,0.103960256517975,0.0511742878977123
-2.5,5.57253872585363e-05,0.000129863511625478,8.93490461529537e-05,7.21695974716222e-05,0.236622275774731,0.107314647563676,0.0524840151698452
-2.4609375,5.18555672625962e-05,0.000129809882119458,8.65443557872072e-05,6.87130650563449e-05,0.24880218572289,0.110714158938472,0.0538030807480607
-2.421875,4.53810062376146e-05,0.00012728304363021,8.11487317102811e-05,6.26545082851011e-05,0.261401898738413,0.114157738314756,0.0551308169713861
-2.3828125,3.7005034058643e-05,0.00012299015311046,7.38651512712519e-05,5.46970419318746e-05,0.274433629479225,0.117644260556178,0.0564665373144398
-2.34375,2.77922687726067e-05,0.000117999794600114,6.5757856441589e-05,4.59050629968456e-05,0.287910035971053,0.121172525364904,0.0578095362753728
-2.3046875,1.87533873681384e-05,0.000113326764828502,5.78371238559987e-05,3.72890214484704e-05,0.301844266947118,0.124741254954935,0.0591590892872859
-2.265625,1.04375462225544e-05,0.000109524493057277,5.06516845002795e-05,2.93978406494995e-05,0.316249959920168,0.128349091629273,0.0605144526513432
-2.2265625,2.71088205475419e-06,0.000106463523494935,4.40672238361997e-05,2.20974182952604e-05,0.331141182014611,0.131994595137165,0.0618748634901174
-2.1875,-5.16142527126758e-06,0.000103413541635303,3.73484436815699e-05,1.46526892087586e-05,0.346532313583249,0.13567623972682,0.0632395397207462
-2.1484375,-1.41299487595785e-05,9.94285272017554e-05,2.95442651751729e-05,6.11282932582512e-06,0.362437885297547,0.139392410883832,0.0646076800495223
-2.109375,-2.48044328599871e-05,9.39032775402881e-05,2.00444091048347e-05,-4.13216287641237e-06,0.378872392939113,0.14314140183872,0.0659784639915202
-2.0703125,-3.6948455830362e-05,8.70786922510244e-05,9.08473243093095e-06,-1.58461287261367e-05,0.395850128223008,0.14692141001089,0.0673510519207457
-2.03125,-4.92554042471191e-05,8.02657656038531e-05,-2.02874729165141e-06,-2.77227238401059e-05,0.413385073237816,0.150730533601389,0.0687245851570173
-1.9921875,-5.95470564526025e-05,7.56470039743892e-05,-1.11184363206325e-05,-3.7584001530573e-05,0.431490903264955,0.154566768529774,0.0700981860951066
-1.953125,-6.53770422734164e-05,7.56730084796632e-05,-1.57386252619756e-05,-4.29838724686605e-05,0.450181121957507,0.158428005825564,0.07147095838014
-1.9140625,-6.48504005453093e-05,8.22429964747674e-05,-1.39950472784381e-05,-4.20276621395369e-05,0.469469313548569,0.162312029446225,0.0728419871300823
-1.875,-5.73573558774913e-05,9.59711199664405e-05,-5.27865546066046e-06,-3.41058875227269e-05,0.48936944662495,0.166216514340573,0.0742103392038571
-1.8359375,-4.39182940657631e-05,0.000115841566933321,9.38940113566479e-06,-2.02392324081043e-05,0.509896119032573,0.170139024457059,0.0755750635113691
-1.796875,-2.69616200674607e-05,0.000139430720925779,2.75799187682668e-05,-2.85640526173452e-06,0.531064613968863,0.174077010360953,0.0769351913617201
-1.7578125,-9.57011568867411e-06,0.000163660728316985,4.62092803709273e-05,1.49595032073539e-05,0.552890660412688,0.178027806201801,0.0782897368476336
-1.71875,5.54337373070115e-06,0.000185823632719311,6.2563767692225e-05,3.04953334944802e-05,0.57538986214445,0.181988625959409,0.0796376972679067
-1.6796875,1.69257305279167e-05,0.000204470905635351,7.51893511613887e-05,4.22976486565374e-05,0.598576866132312,0.185956559150761,0.0809780535942633
-1.640625,2.47403377079671e-05,0.000219769934165702,8.42484614996181e-05,5.05295074661294e-05,0.622464452011874,0.189928566427877,0.0823097709933195
-1.6015625,3.03670054967102e-05,0.000233103717434876,9.1119915043178e-05,5.65703911496725e-05,0.647062797602763,0.193901475652001,0.0836317994169759
-1.5625,3.53140214090182e-05,0.000245982820345006,9.73109629121523e-05,6.1928253666047e-05,0.672379171507477,0.197871979023059,0.0849430742742592
-1.5234375,3.98175979194674e-05,0.000258644905768549,0.000103056738232792,6.68389696163047e-05,0.698418202875333,0.201836631648706,0.0862425171941845
-1.484375,4.16998936519516e-05,0.000268913010043131,0.000106178277341074,6.91243557018934e-05,0.725182693053439,0.205791851588836,0.0875290368830607
-1.4453125,3.60466355743544e-05,0.00027187350897504,0.000101760142337355,6.38697932166802e-05,0.752674712901041,0.20973392100452,0.0888015300735318
-1.40625,1.60238135301365e-05,0.000260693108545054,8.29671161028977e-05,4.42409229018887e-05,0.780896548071345,0.213658987705742,0.0900588825565931
-1.3671875,-2.52559320632445e-05,0.000228485324184721,4.29105903460916e-05,3.3500329905488e-06,0.809850991295176,0.217563066261474,0.0912999702859926
-1.328125,-9.23430999690633e-05,0.000170700454875509,-2.29612241546368e-05,-6.33537301809634e-05,0.839540588687346,0.221442037992127,0.0925236605472325
-1.2890625,-0.000185357551847895,8.72187602774245e-05,-0.000114769521695022,-0.000155990585503368,0.869965727459596,0.225291649604721,0.0937288131899428
-1.25,-0.000299026732889835,-1.66886353039683e-05,-0.000227243123009145,-0.000269288337317975,0.901121841955655,0.229107510856698,0.0949142819323949
-1.2109375,-0.000423381308491808,-0.000131056325323304,-0.000350414112665014,-0.000393278011656807,0.932996395225565,0.232885092263479,0.0960789157568218
-1.171875,-0.000546072058013624,-0.000243542253052278,-0.000471934733076521,-0.000515610749525327,0.965566522634594,0.236619724281697,0.0972215604201453
-1.1328125,-0.000655640230021997,-0.00034269833237526,-0.000580347739082532,-0.000624828161629194,0.998798184317871,0.240306599431435,0.0983410601048697
-1.09375,-0.000744604779346249,-0.000421057323366374,-0.0006681736330941,-0.000713449564863378,1.03264731889036,0.243940778387414,0.0994362592274316
-1.0546875,-0.00081112613728562,-0.000476795651070937,-0.000733574432085178,-0.000779635751902164,1.0670628800567,0.247517200245251,0.10050600440843
-1.015625,-0.000858358248008871,-0.000513084158192381,-0.000779705699717,-0.000826541026934817,1.10199093376115,0.2510306961664,0.101549146591675
-0.9765625,-0.000891339754423573,-0.000534978110000008,-0.000811607727395366,-0.000859204390832583,1.13737842739287,0.254476004736359,0.102564543285629
-0.9375,-0.000912178795732394,-0.000544601410534466,-0.000831390327132417,-0.000879734337975187,1.17317504524894,0.25784778694787,0.103551060892639
-0.8984375,-0.000915041119863253,-0.00053613512956887,-0.000833220939979456,-0.000882296967933821,1.20933188550038,0.261140638958958,0.104507577093635
-0.859375,-0.000882759755561226,-0.0004924287183901,-0.000799934305108272,-0.000849725656804452,1.24579653328979,0.264349101701636,0.105432983269273
-0.8203125,-0.00078657370229243,-0.000384741136425118,-0.000702771147538074,-0.000753259746341426,1.28250528358821,0.267467667829943,0.106326186958414
-0.78125,-0.000589604209717052,-0.000176219852176876,-0.000504854455640135,-0.000556020822641456,1.31937445526269,0.270490788002332,0.107186114376461
-0.7421875,-0.000253438280749732,0.000171513505408009,-0.000167772981465444,-0.000219596218384012,1.35629353445065,0.273412879603549,0.108011713032459
-0.703125,0.000253988848256236,0.000690479967270763,0.000340536283626754,0.00028807850784815,1.3931229420572,0.276228341284691,0.108801954485667
-0.6640625,0.0009517087277528,0.00139965960110837,0.00103910313639991,0.000986034592729278,1.42969836361192,0.278931575901695,0.109555837270304
-0.625,0.00184262015896003,0.00230189546883611,0.00193082463576452,0.00187717053312241,1.46584189926555,0.281517022627911,0.110272389988019
-0.5859375,0.00291539408897435,0.00338580356379826,0.00300437001031037,0.00295015698219724,1.50137815637084,0.283979196607116,0.110950674530189
-0.546875,0.00415120187084476,0.00463250644308588,0.00424090893191745,0.00418616501053344,1.53615139574884,0.286312732151464,0.11158978935613
-0.5078125,0.00553332983359351,0.00602525189144314,0.00562372609867624,0.00556848067715498,1.57003859790212,0.288512423912197,0.112188872728263
-0.46875,0.00705641567503657,0.00755865053383591,0.0071474576381694,0.00709174142331891,1.60295335601302,0.290573260268431,0.112747105802692
-0.4296875,0.00873165001388961,0.00924387462173682,0.0088232926662648,0.00876713762551956,1.63483704843591,0.292490444669506,0.113263715495778
-0.390625,0.0105850799432835,0.0111069546210835,0.0106772768431413,0.0106207161498211,1.66563660713932,0.294259403646964,0.113737977092047
-0.3515625,0.0126480158949569,0.0131791758207537,0.0127407192366135,0.0126837872167934,1.69527178513857,0.295875784045003,0.114169216616731
-0.3125,0.0149410014610066,0.015481036591613,0.0150341621415975,0.0149768942239565,1.72359825249854,0.297335445728812,0.114556813050759
-0.2734375,0.0174551406390418,0.0180035654697605,0.0175487083243191,0.0174911409916156,1.75037516317195,0.298634458564429,0.114900200503472
-0.234375,0.0201360404474521,0.0206922578544435,0.0202299636408855,0.0201721343788343,1.77524626892917,0.299769112963352,0.115198870462907
-0.1953125,0.0228756759375264,0.0234389416305122,0.0229699020592666,0.0229118492963103,1.79774186733477,0.300735951360751,0.11545237421291
-0.15625,0.0255159670361912,0.026085362240718,0.0256104425194696,0.0255522055499307,1.81730506754538,0.301531823864428,0.115660325439237
-0.1171875,0.027865085223169,0.0284395047168745,0.027959755634994,0.0279013745187871,1.8333407947744,0.30215396580177,0.115822402963975
-0.078125,0.029724193713732,0.0303023542222154,0.0298190039042633,0.0297605193387792,1.84528077083938,0.302600089248642,0.115938353458716
-0.0390625,0.0309193826745925,0.0314998532434437,0.0310142769557178,0.030955730119282,1.85265365417146,0.302868476234305,0.116007993923081
0,0.0313318448671852,0.0319130968475097,0.0314267672163429,0.0313681995870551,1.85514763905036,0.302958059316761,0.116031213687177
0.0390625,0.0309193826745925,0.0314998532434437,0.0310142769557177,0.0309557301135776,1.85265365417151,0.302868476234017,0.116007975716777
0.078125,0.029724193713732,0.0303023542222154,0.0298190039042632,0.029760519327377,1.84528077083938,0.302600089248055,0.115938317066992
0.1171875,0.027865085223169,0.0284395047168745,0.0279597556349937,0.0279013745017002,1.8333407947744,0.302153965800851,0.115822348428731
0.15625,0.0255159670361912,0.026085362240718,0.0256104425194692,0.0255522055271787,1.81730506754538,0.301531823863188,0.115660252823072
0.1953125,0.0228756759375264,0.0234389416305122,0.0229699020592661,0.0229118492679193,1.79774186733475,0.300735951359157,0.115452283599093
0.234375,0.0201360404474521,0.0206922578544435,0.0202299636408849,0.0201721343448368,1.77524626892917,0.299769112961392,0.115198761955018
0.2734375,0.0174551406390418,0.0180035654697605,0.0175487083243184,0.0174911409520503,1.75037516317193,0.298634458562049,0.114900074225165
0.3125,0.0149410014610066,0.015481036591613,0.0150341621415966,0.0149768941788683,1.72359825249852,0.297335445726005,0.114556669145433
0.3515625,0.0126480158949569,0.0131791758207537,0.0127407192366124,0.0126837871662333,1.69527178513857,0.295875784041698,0.11416905524704
0.390625,0.0105850799432835,0.0111069546210835,0.0106772768431401,0.0106207160938459,1.6656366071393,0.294259403643127,0.113737798439476
0.4296875,0.00873165001388961,0.00924387462173682,0.00882329266626342,0.00876713756419197,1.63483704843589,0.292490444665094,0.113263519760132
0.46875,0.00705641567503657,0.0075586505338359,0.00714745763816783,0.00709174135670704,1.602953356013,0.290573260263421,0.112746893201511
0.5078125,0.00553332983359352,0.00602525189144313,0.00562372609867447,0.00556848060533235,1.5700385979021,0.288512423906528,0.112188643496213
0.546875,0.00415120187084476,0.00463250644308588,0.00424090893191546,0.00418616493357875,1.53615139574884,0.286312732145113,0.111589543744402
0.5859375,0.00291539408897435,0.00338580356379826,0.00300437001030815,0.00295015690019416,1.50137815637084,0.283979196600035,0.110950412805808
0.625,0.00184262015896003,0.00230189546883611,0.00193082463576206,0.00187717044615936,1.46584189926554,0.281517022620067,0.110272112433197
0.6640625,0.000951708727752801,0.00139965960110837,0.00103910313639721,0.000986034500899219,1.42969836361192,0.278931575893049,0.109555544181723
0.703125,0.000253988848256236,0.000690479967270762,0.000340536283623783,0.000288078411248348,1.3931229420572,0.276228341275207,0.108801646173779
0.7421875,-0.000253438280749732,0.000171513505408008,-0.000167772981468688,-0.000219596319652201,1.35629353445065,0.273412879593196,0.108011389820758
0.78125,-0.000589604209717053,-0.000176219852176877,-0.000504854455643662,-0.000556020928472818,1.31937445526269,0.270490787991077,0.107185776600751
0.8203125,-0.000786573702292428,-0.000384741136425119,-0.000702771147541893,-0.000753259856627122,1.2825052835882,0.26746766781775,0.106325834966063
0.859375,-0.000882759755561227,-0.0004924287183901,-0.000799934305112392,-0.000849725771432246,1.24579653328979,0.264349101688491,0.105432617418512
0.8984375,-0.000915041119863252,-0.00053613512956887,-0.000833220939983884,-0.000882297086788318,1.20933188550037,0.261140638944824,0.10450719775275
0.9375,-0.000912178795732394,-0.000544601410534465,-0.000831390327137161,-0.000879734460938062,1.17317504524895,0.257847786932727,0.103550668439291
0.9765625,-0.000891339754423573,-0.000534978110000008,-0.000811607727400429,-0.00085920451778281,1.13737842739287,0.2544760047202,0.102564138106082
1.015625,-0.000858358248008872,-0.000513084158192379,-0.00077970569972239,-0.000826541157748905,1.10199093376116,0.251030696149199,0.101548729080074
1.0546875,-0.000811126137285622,-0.000476795651070937,-0.000733574432090895,-0.000779635886454375,1.06706288005671,0.247517200227011,0.100505574966087
1.09375,-0.00074460477934625,-0.000421057323366376,-0.000668173633100149,-0.00071344970302595,1.03264731889036,0.243940778368113,0.0994358182621087
1.1328125,-0.000655640230021997,-0.000342698332375261,-0.000580347739088914,-0.000624828303272562,0.998798184317869,0.240306599411067,0.0983406080300927
1.171875,-0.000546072058013624,-0.000243542253052279,-0.000471934733083237,-0.000515610894518326,0.965566522634594,0.236619724260265,0.0972210976545508
1.2109375,-0.000423381308491808,-0.000131056325323306,-0.000350414112672061,-0.00039327815986689,0.932996395225559,0.232885092240987,0.0960784427234481
1.25,-0.000299026732889835,-1.66886353039683e-05,-0.000227243123016526,-0.000269288488611404,0.901121841955655,0.229107510833142,0.0949137990580878
1.2890625,-0.000185357551847895,8.72187602774233e-05,-0.000114769521702731,-0.000155990739745399,0.869965727459592,0.225291649580116,0.093728320904758
1.328125,-9.23430999690661e-05,0.000170700454875508,-2.29612241626672e-05,-6.33538872360575e-05,0.839540588687352,0.221442037966506,0.0925231592837676
1.3671875,-2.5255932063242e-05,0.00022848532418472,4.2910590337738e-05,3.34987325856875e-06,0.809850991295165,0.217563066234804,0.0912994604788515
1.40625,1.60238135301379e-05,0.000260693108545055,8.29671160942302e-05,4.42407606296414e-05,0.780896548071344,0.213658987678074,0.0900583646418347
1.4453125,3.60466355743528e-05,0.000271873508975039,0.000101760142328381,6.38696285410689e-05,0.752674712901044,0.209733920975883,0.0888010044881079
1.484375,4.16998936519535e-05,0.00026891301004313,0.000106178277331801,6.91241887599259e-05,0.725182693053431,0.205791851559236,0.0875285040642298
1.5234375,3.98175979194675e-05,0.00025864490576855,0.000103056738223225,6.68388005449353e-05,0.698418202875335,0.201836631618173,0.0862419775790731
1.5625,3.53140214090187e-05,0.000245982820345006,9.73109629023018e-05,6.19280826020295e-05,0.672379171507477,0.197871978991618,0.0849425282993293
1.6015625,3.03670054967124e-05,0.000233103717434876,9.11199150330521e-05,5.65702182293936e-05,0.647062797602756,0.193901475619676,0.0836312475175206
1.640625,2.47403377079664e-05,0.000219769934165702,8.42484614892246e-05,5.05293328254758e-05,0.622464452011877,0.189928566394706,0.0823092136030554
1.6796875,1.69257305279156e-05,0.00020447090563535,7.51893511507365e-05,4.22974724307631e-05,0.598576866132313,0.185956559116767,0.0809774911448644
1.71875,5.5433737307006e-06,0.00018582363271931,6.25637676813247e-05,3.04951558180672e-05,0.575389862144449,0.181988625924621,0.0796371301885878
1.7578125,-9.57011568867251e-06,0.000163660728316984,4.62092803597887e-05,1.49593242138989e-05,0.55289066041268,0.178027806166246,0.0782891655647826
1.796875,-2.69616200674612e-05,0.000139430720925778,2.75799187569016e-05,-2.85658543963668e-06,0.531064613968861,0.17407701032468,0.0769346162985459
1.8359375,-4.39182940657647e-05,0.00011584156693332,9.38940112408382e-06,-2.0239413638972e-05,0.509896119032576,0.170139024420102,0.0755744850875103
1.875,-5.73573558774913e-05,9.59711199664394e-05,-5.27865547244595e-06,-3.41060696762934e-05,0.489369446624946,0.166216514302958,0.0742097578350699
1.9140625,-6.4850400545309e-05,8.22429964747664e-05,-1.39950472904161e-05,-4.20278450868468e-05,0.469469313548565,0.162312029407995,0.0728414032279502
1.953125,-6.53770422734173e-05,7.56730084796629e-05,-1.57386252741348e-05,-4.29840560821622e-05,0.450181121957509,0.158428005786759,0.0714703723517666
1.9921875,-5.95470564526031e-05,7.56470039743887e-05,-1.11184363329608e-05,-3.75841856842025e-05,0.431490903264955,0.154566768490428,0.0700975983428381
2.03125,-4.92554042471191e-05,8.02657656038524e-05,-2.028747304136e-06,-2.7722908409372e-05,0.413385073237814,0.150730533561543,0.0687239960781844
2.0703125,-3.69484558303636e-05,8.70786922510251e-05,9.08473241830271e-06,-1.58463135881887e-05,0.395850128223015,0.14692140997059,0.0673504619074501
2.109375,-2.4804432859988e-05,9.39032775402888e-05,2.00444090920739e-05,-4.13234791011934e-06,0.378872392939118,0.143141401797995,0.0659778734303614
2.1484375,-1.41299487595789e-05,9.94285272017554e-05,2.9544265162294e-05,6.11264423981759e-06,0.362437885297548,0.139392410842728,0.0646070893214372
2.1875,-5.16142527126741e-06,0.000103413541635303,3.73484436685839e-05,1.46525041879678e-05,0.346532313583248,0.135676239685373,0.0632389492008082
2.2265625,2.71088205475233e-06,0.000106463523494933,4.40672238231175e-05,2.20972334553023e-05,0.331141182014611,0.131994595095417,0.0618742735473389
2.265625,1.04375462225554e-05,0.000109524493057276,5.06516844871153e-05,2.93976561040562e-05,0.316249959920163,0.128349091587254,0.0605138636485408
2.3046875,1.87533873681369e-05,0.000113326764828498,5.78371238427647e-05,3.72888373092241e-05,0.301844266947112,0.124741254912702,0.0591585015809266
2.34375,2.77922687726061e-05,0.000117999794600114,6.57578564283007e-05,4.59048793734613e-05,0.287910035971055,0.121172525322494,0.0578089502154567
2.3828125,3.70050340586443e-05,0.00012299015311046,7.38651512579202e-05,5.46968589319459e-05,0.274433629479221,0.117644260513624,0.0564659532443644
2.421875,4.53810062376129e-05,0.00012728304363021,8.11487316969088e-05,6.26543260141317e-05,0.261401898738418,0.114157738272082,0.0551302352278964
2.4609375,5.18555672625955e-05,0.000129809882119461,8.65443557738186e-05,6.8712883617727e-05,0.248802185722901,0.110714158895743,0.0538025016611348
2.5,5.57253872585363e-05,0.000129863511625478,8.9349046139553e-05,7.21694169665917e-05,0.236622275774731,0.107314647520905,0.0524834390625934
2.5390625,5.69065210117597e-05,0.000127356273009918,8.94791872941048e-05,7.29401900353938e-05,0.224850315379747,0.103960256475224,0.0511737150863616
2.578125,5.59463978328979e-05,0.000122831964258373,8.74825162221028e-05,7.15728354552854e-05,0.213474714652142,0.100651967743635,0.0498739786585423
2.6171875,5.38037495634517e-05,0.000117245740236123,8.43180512178561e-05,6.90262825708512e-05,0.202484057168037,0.0973906955806581,0.0485848601380715
2.65625,5.14986988253796e-05,0.000111614181798621,8.10061809922253e-05,6.63208457470866e-05,0.191867038880312,0.0941772892465383,0.0473069714998834
2.6953125,4.97761032748537e-05,0.000106678634883034,7.82920098024741e-05,6.42015686867114e-05,0.181612451642694,0.0910125358034248,0.0460409065377631
2.734375,4.89074602417168e-05,0.000102707125332856,7.64472629607016e-05,6.29401291382031e-05,0.171709215717092,0.0878971628888284,0.0447872410832188
2.7734375,4.86923762851452e-05,9.94958511050944e-05,7.52717572274856e-05,6.23363085240866e-05,0.162146452069145,0.0848318413901567,0.0435465332372788
2.8125,4.86386869701796e-05,9.65493305591893e-05,7.42735213796853e-05,6.18981117933492e-05,0.152913573369527,0.081817187970166,0.0423193236126882
2.8515625,4.82338182708819e-05,9.33517897371472e-05,7.29401583539194e-05,6.11131289033537e-05,0.144000366583963,0.0788537674298051,0.0411061355852705
2.890625,4.71930678851618e-05,8.96154591527574e-05,7.09871272578654e-05,5.96968162162513e-05,0.135397042361926,0.0759420949311026,0.0399074755543204
2.9296875,4.558994290575e-05,8.54109120121219e-05,6.84880817088621e-05,5.7722834254558e-05,0.127094236790626,0.0730826381280027,0.0387238332126279
2.96875,4.38278862968881e-05,8.11387765327324e-05,6.58465969674283e-05,5.5594774265744e-05,0.119082966208993,0.0702758192627242,0.0375556818270211
3.0078125,4.24777133663476e-05,7.73671484097145e-05,6.36336070705385e-05,5.38835947855731e-05,0.111354550589862,0.0675220172762573,0.0364034785298302
3.046875,4.20549085908154e-05,7.46088616048096e-05,6.2364702331412e-05,5.31049185581398e-05,0.10390053044112,0.0648215699608153,0.0352676646209792
3.0859375,4.28278069195657e-05,7.31296496892288e-05,6.23083113304796e-05,5.35272139371127e-05,0.0967126030979403,0.0621747761534352,0.0341486658794001
3.125,4.4728082949823e-05,7.28586268299574e-05,6.33961907826957e-05,5.50822841609371e-05,0.0897825965862494,0.0595818979444277,0.0330468928816838
3.1640625,4.73897265469539e-05,7.34272685039857e-05,6.52624018410966e-05,5.74042430744317e-05,0.0831024858810715,0.0570431628584415,0.0319627413257313
3.203125,5.02915054548869e-05,7.43118895513703e-05,6.73857733677391e-05,5.99719778414207e-05,0.0766644421938931,0.0545587659625993,0.0308965923569742
3.2421875,5.29409890952487e-05,7.50176876586114e-05,6.92739263596863e-05,6.22931728464221e-05,0.0704608957976947,0.052128871867177,0.0298488128956881
3.28125,5.50283617900188e-05,7.52325735015786e-05,7.06170877601139e-05,6.40581230199299e-05,0.0644845900303826,0.0497536166037309,0.0288197559645403
3.3203125,5.64966881213485e-05,7.48974447699689e-05,7.13583563704406e-05,6.52099993008486e-05,0.0587286089492038,0.0474331093878777,0.0278097610161021
3.359375,5.75122016293183e-05,7.41764729934112e-05,7.16639920722385e-05,6.59151374370551e-05,0.0531863713571043,0.0451674342922011,0.0268191542609657
3.3984375,5.83575892998898e-05,7.33503769977698e-05,7.18167008218611e-05,6.64563225764381e-05,0.0478515955936652,0.0429566518633807,0.0258482489967591
3.4375,5.92977600299735e-05,7.26821753642993e-05,7.20814036146302e-05,6.70985578354105e-05,0.0427182484499777,0.0408008007152028,0.0248973459383075
3.4765625,6.04723446264366e-05,7.23096707249833e-05,7.25977369815896e-05,6.79815644015476e-05,0.0377804950481685,0.0386998991171832,0.0239667335483833
3.515625,6.1852622463255e-05,7.22023654896835e-05,7.33369801439939e-05,6.90767082943116e-05,0.0330326639567533,0.0366539465818907,0.0230566883682697
3.5546875,6.32713689185334e-05,7.21913054038526e-05,7.41319029431343e-05,7.02168479050773e-05,0.028469234809283,0.0346629254378044,0.0221674753465224
3.59375,6.45049467036295e-05,7.20511736757441e-05,7.47588576504454e-05,7.11784254282606e-05,0.0240848472348272,0.0327268023644377,0.0212993481645265
3.6328125,6.53691533270051e-05,7.15961454088452e-05,7.50336268925826e-05,7.17773144256997e-05,0.019874323099186,0.0308455298644077,0.0204525495573548
3.671875,6.57895664130127e-05,7.07502405950591e-05,7.48817694057328e-05,7.19391652442974e-05,0.0158326909988052,0.0290190476534713,0.0196273116292793
3.7109375,6.58217840166725e-05,6.95675697110845e-05,7.43588607578584e-05,7.17196454277972e-05,0.0119552031177555,0.0272472839610127,0.0188238561633558
3.75,6.56195329466472e-05,6.82004431800893e-05,7.36186020526677e-05,7.12725481349423e-05,0.00823733886205083,0.0255301567460466,0.0180423949252208
3.7890625,6.53693123527779e-05,6.68340119010251e-05,7.28474638763272e-05,7.07844358205014e-05,0.00467479509890347,0.0238675748435786,0.0172831299614756
3.828125,6.52210906370464e-05,6.56169582457367e-05,7.21953835516273e-05,7.04053372380134e-05,0.0012634672818291,0.0222594390599875,0.0165462538926223
3.8671875,6.52424318272248e-05,6.46156156764797e-05,7.17298918442169e-05,7.02028739035856e-05,-0.00200057211250157,0.0207056432345184,0.0158319502007877
3.90625,6.54106894034984e-05,6.38061568544845e-05,7.14283071143712e-05,7.01544540108961e-05,-0.0051210918342518,0.0192060752770267,0.0151403935117975
3.9453125,6.56409394019444e-05,6.31025232299391e-05,7.12056687387775e-05,7.01752056210136e-05,-0.00810171307423985,0.0177606181839016,0.014471749870746
3.984375,6.58334601303776e-05,6.24039037031876e-05,7.09622171362585e-05,7.01654564624202e-05,-0.0109459128299908,0.016369151027083,0.0138261770106607
4.0234375,6.59190162811183e-05,6.16400196447418e-05,7.06286781789573e-05,7.00560181254415e-05,-0.0136570210101417,0.0150315499065028,0.0132038246131368
4.0625,6.58841832051259e-05,6.07964511544216e-05,7.019158775039e-05,6.98335104153972e-05,-0.0162382140990135,0.0137476888562519,0.0126048345605323
4.1015625,6.5769622298476e-05,5.99129146079783e-05,6.96915673991e-05,6.95386368153584e-05,-0.0186925082621982,0.0125174406973131,0.0120293411794269
4.140625,6.56463441433939e-05,5.90595274427365e-05,6.91995877291998e-05,6.92424477006854e-05,-0.0210227540975601,0.0113406778339037,0.0114774714752207
4.1796875,6.55833589914671e-05,5.83044593438304e-05,6.87846191158823e-05,6.90139908929793e-05,-0.023231634391437,0.0102172729948884,0.0109493453579083
4.21875,6.56217039348202e-05,5.76879589513468e-05,6.84876590930437e-05,6.88943388993052e-05,-0.0253216655996616,0.00914709992460467,0.0104450758592661
4.2578125,6.5764856127169e-05,5.72127653479612e-05,6.83121457767188e-05,6.88870021985288e-05,-0.0272952033800112,0.00813003402878986,0.00996476934120699
4.296875,6.59869562645647e-05,5.68523285485767e-05,6.82321815360113e-05,6.8966152784665e-05,-0.029154452138741,0.00716595298158802,0.00950852569559493
4.3359375,6.62522271366039e-05,5.65702239979558e-05,6.82119517237863e-05,6.9096042777838e-05,-0.0309014779681496,0.00625473729839287,0.00907643853494429
4.375,6.65349033036649e-05,5.63400775987268e-05,6.82256545239957e-05,6.92509341584279e-05,-0.032538223485255,0.005396270878711,0.00866859537405546
4.4140625,6.68301913244687e-05,5.61565214455904e-05,6.82684613407645e-05,6.9426059048556e-05,-0.0340665221729641,0.00459044152169327,0.00828507780212459
4.453125,6.71521010386253e-05,5.60330216798378e-05,6.83543482345418e-05,6.96354510455979e-05,-0.0354881093211106,0.0038371414163857,0.00792596164541052
4.4921875,6.7520587445251e-05,5.59890188125002e-05,6.85032379464394e-05,6.9899087148704e-05,-0.0368046269909508,0.00313626760681932,0.0075913171201228
4.53125,6.79452238598489e-05,5.60336015988794e-05,6.87246731926548e-05,7.0226560960563e-05,-0.0380176217246784,0.00248772243099615,0.0072812089756751
4.5703125,6.84136354650663e-05,5.61539433583343e-05,6.90062503436554e-05,7.06055162800065e-05,-0.0391285357076818,0.00189141393078261,0.0069956966282435
4.609375,6.88900958978617e-05,5.631390252698e-05,6.93122161294465e-05,7.10002437279845e-05,-0.0401386941119869,0.00134725622884396,0.00673483428463168
4.6484375,6.93246920453253e-05,5.6463191359473e-05,6.95926325419127e-05,7.13608455790822e-05,-0.0410492926298206,0.000855169868621646,0.00649867105619905
4.6875,6.96687596367222e-05,5.65528141177946e-05,6.97988125209792e-05,7.1638671386238e-05,-0.0418613891857493,0.000415082114724929,0.00628725106314761
4.7265625,6.98899566463277e-05,5.65501409505494e-05,6.98983934390878e-05,7.18013914130619e-05,-0.0425759024159776,2.69272134977853e-05,0.00610061352862168
4.765625,6.99811508770333e-05,5.64477937443639e-05,6.98842247548451e-05,7.18418842438619e-05,-0.0431936171969344,-0.000309353383431616,0.005938792863032
4.8046875,6.99605156742176e-05,5.62637385455978e-05,6.97744637868534e-05,7.17783325207453e-05,-0.0437151951526635,-0.000593810827778703,0.00580181873819885
4.84375,6.98641029130763e-05,5.60338548158157e-05,6.96051487527696e-05,7.16467959511281e-05,-0.0441411865655746,-0.00082648870950433,0.00568971615175733
4.8828125,6.97348565281344e-05,5.58009459397028e-05,6.94192123438947e-05,7.14902248542812e-05,-0.044472040020296,-0.00100742291294282,0.00560250548152433
4.921875,6.96124952208771e-05,5.56046203648884e-05,6.9256364471765e-05,7.13483428829348e-05,-0.044708107407552,-0.00113664149245524,0.00554020253009641
4.9609375,6.95270902388147e-05,5.54748693523555e-05,6.91466700798894e-05,7.12512248132843e-05,-0.0448496440156213,-0.00121416456815069,0.00550281855976936
