abs_kx_over_k0,abs_kx_depth,mf12_eta20_spectrum_scaled,gl12_eta20_spectrum_scaled,r2_eta20_spectrum_scaled,r4_eta20_spectrum_scaled,r6_eta20_spectrum_scaled
0,0,0.00634978509990586,0.00487878589776367,0.00626775408851628,0.006228565899383,0.00629582251876378
0.1,0.1,0.00608237527892917,0.0049914538063936,0.00593848734535573,0.00593812498061318,0.00601664204551448
0.2,0.2,0.00401559624759051,0.00367227211115984,0.00389386400384417,0.00388896168817803,0.00395693236175216
0.3,0.3,0.00227364900784831,0.0021644182867087,0.00220687123724415,0.00217936323844866,0.00222872501819504
0.4,0.4,0.00096578125062657,0.000930701956781277,0.000959332585138721,0.000905661472229779,0.000935462459175214
0.5,0.5,0.000102867318843702,9.20459420526016e-05,0.000144436950453452,7.04499988273533e-05,8.44390234915976e-05
0.6,0.6,0.000353248219975185,0.000356410030155365,0.000283022526382165,0.00036758601821577,0.000363840703088942
0.7,0.7,0.000477964248904813,0.000478890304933662,0.000396725538425849,0.000482724588311904,0.000484247741810108
0.8,0.8,0.000368415146348103,0.000368712423410403,0.000287638545468058,0.000369073485611759,0.000372605660488232
0.9,0.9,0.000137120276507947,0.000137230525446297,6.25509358487381e-05,0.00013651249478972,0.000140344261451272
1,1,7.87870934652482e-05,7.87400282084255e-05,0.00014494551736635,7.93756392076756e-05,7.60114329802332e-05
1.1,1.1,0.000206795825095528,0.000206773331831911,0.000264036419601087,0.000206840177695338,0.000204237706598902
1.2,1.2,0.000262440311624367,0.000262428572861148,0.000310987939991118,0.000261742396900982,0.00025998630170219
1.3,1.3,0.000278943295372518,0.000278936715703049,0.000319266290902289,0.000277481785676336,0.000276551829633701
1.4,1.4,0.000274275767771793,0.000274271850901769,0.000306856002006686,0.000272081559137672,0.000271930050624986
1.5,1.5,0.000253234278120376,0.00025323182126261,0.000278493452682383,0.000250326977154636,0.000250917410304462
1.6,1.6,0.000216862847948267,0.000216861238418457,0.000235178992723412,0.000213290656866383,0.000214576085809291
1.7,1.7,0.000164729257359493,0.000164728163522911,0.000176720937538722,0.000160566387969419,0.000162470625780976
1.8,1.8,0.000103581222945617,0.000103580457519679,0.000110379650624917,9.90594242350422e-05,0.000101391691111965
1.9,1.9,4.24013092787305e-05,4.24007613926181e-05,4.56473907974232e-05,3.78901156383545e-05,4.03588609322468e-05
2,2,1.04181794145017e-05,1.04185706387739e-05,8.96134672542635e-06,1.44612960539427e-05,1.21959977650186e-05
2.1,2.1,4.93551326869732e-05,4.93553994149323e-05,4.82062356698474e-05,5.25093038723294e-05,5.07447936437166e-05
2.2,2.2,6.89626663373386e-05,6.89628287612926e-05,6.73719368582269e-05,7.09993504639722e-05,6.98847422455073e-05
2.3,2.3,6.87039994822326e-05,6.87040770449642e-05,6.67762972774982e-05,6.97454602738095e-05,6.92017367416528e-05
2.4,2.4,5.26516167872058e-05,5.26516433865303e-05,5.09539144127763e-05,5.30566874472806e-05,5.28663123493841e-05
2.5,2.5,2.79154733574226e-05,2.79154798072057e-05,2.69382137714289e-05,2.80185226865975e-05,2.79825563534849e-05
2.6,2.6,7.15706631928099e-06,7.15706738332335e-06,6.88862559468899e-06,7.1695900923339e-06,7.16885731648206e-06
2.7,2.7,9.49910373275435e-20,9.63958468515557e-20,1.49409171961401e-19,1.21323718036885e-20,8.07112170894863e-20
2.8,2.8,1.24555623919184e-19,4.25791619348785e-20,1.35590823786981e-20,5.51021948910453e-20,7.47703753641759e-20
2.9,2.9,1.56623800639751e-19,2.22330819533385e-19,4.29333751011688e-20,1.55630604036194e-19,1.07599677357547e-19
3,3,1.45170505804844e-19,7.11890899352882e-20,8.75711623956663e-20,6.74010188176257e-20,1.33476233310296e-19
3.1,3.1,4.4270142028247e-19,3.2130396361494e-19,3.29877195529696e-19,1.13863082981909e-19,3.18477513088149e-19
3.2,3.2,1.0842021724855e-19,2.61749558916888e-19,8.2981241748888e-20,0,1.0842021724855e-19
3.3,3.3,2.27665780713606e-19,3.29487128970005e-19,4.44070769359079e-19,2.01516901870196e-19,2.78176085878747e-19
3.4,3.4,2.88586367477672e-19,3.94643921776964e-20,3.08565713541919e-20,1.0647600878748e-19,8.50432104816008e-20
3.5,3.5,1.0534194936833e-19,4.71256789636771e-20,1.2303762998027e-19,1.17800824447762e-19,2.18030085354894e-19
3.6,3.6,1.34059709867887e-19,1.22318236289917e-19,1.47105331542631e-20,1.44502111274829e-19,1.16404571188603e-19
3.7,3.7,1.1234342633737e-19,5.76976160920822e-20,1.65580944845161e-19,1.17680222969509e-19,9.72054898535184e-20
3.8,3.8,6.37666041789058e-20,7.65686356778668e-20,7.59828946085722e-20,1.61816698374903e-19,1.70166582600384e-19
3.9,3.9,1.38806409806113e-19,1.17344247123191e-19,2.78144381909593e-19,1.79154623680398e-19,2.44836095379512e-19
4,4,1.90470732559201e-19,2.00052903694934e-19,2.53896395258312e-19,5.80815444075357e-20,8.60358710310414e-20
4.1,4.1,5.23701514751574e-20,1.56968496822918e-19,2.45829258737358e-19,7.70407615827432e-20,2.01341169324842e-19
4.2,4.2,2.34109009871704e-20,2.44851172857411e-20,4.05952902948745e-20,9.84414567853628e-20,1.49363580536343e-19
4.3,4.3,1.8020943867996e-19,1.15589301631766e-19,8.79965769737605e-20,1.27592685958119e-19,1.36377938185515e-19
4.4,4.4,7.49636121966782e-20,5.85057331179522e-20,4.49207055668957e-20,2.93483294829153e-20,1.88559978987114e-20
4.5,4.5,1.23996684526126e-19,7.42357213457456e-20,2.42564079448753e-19,1.48146556835797e-19,1.22021386167177e-19
4.6,4.6,2.28710227261702e-19,1.5987894288648e-19,1.29228864598213e-19,1.09936459169583e-19,2.19954097229874e-19
4.7,4.7,2.21079516043101e-19,1.42045529508131e-19,1.35554933591351e-19,1.40044996239466e-19,1.86908132864111e-19
4.8,4.8,1.09138905358132e-19,9.67915515732968e-20,1.20291010650246e-19,3.03551273437112e-20,9.68385938513824e-20
4.9,4.9,3.74857481566227e-19,1.22054350819173e-19,2.13376656450423e-19,4.73159354851283e-20,3.21582090777369e-19
5,5,1.4146316394825e-19,9.0275376620323e-20,2.13231909309037e-20,9.73934988134221e-20,1.1308168512911e-19
5.1,5.1,2.00288297304177e-19,1.51047632482692e-19,3.27127202460806e-20,6.76915907695341e-20,1.00160147678502e-19
5.2,5.2,5.9171177874227e-20,1.35661584423941e-19,1.11448422399639e-19,6.16110461537633e-20,1.49510313144967e-19
5.3,5.3,7.49079097629251e-20,9.90379399566298e-20,3.00428460842009e-20,3.52677536432356e-20,6.05012712459391e-20
5.4,5.4,9.26794947657092e-20,1.55917026877041e-19,2.49461835878636e-19,1.72927621927969e-19,1.91209677492224e-19
5.5,5.5,1.3621750543236e-19,1.35513927058779e-19,1.70473560057489e-19,1.28354039206245e-19,2.17313309737076e-19
5.6,5.6,5.37757573959466e-20,4.39364988501184e-20,8.69785376081544e-20,5.12480539729729e-20,1.25688186071566e-19
5.7,5.7,1.19205767202216e-19,2.14957310297098e-19,1.72132863626734e-19,2.13918084119259e-19,2.6618861467971e-19
5.8,5.8,2.19792508260389e-19,1.01686163713986e-19,1.48418890765949e-19,3.87387134761762e-20,8.35705590264028e-20
5.9,5.9,6.7274642561291e-20,4.88616560049921e-20,1.38401461082931e-19,6.86949743373277e-20,1.49504517766338e-19
6,6,1.0842021724855e-19,7.11517143506338e-20,1.12626719329041e-19,1.16780011900418e-19,5.84882230186999e-20
6.1,6.1,2.29026494247503e-19,2.05401560137289e-19,1.80569068392556e-19,1.61125616476636e-19,1.28179344024361e-19
6.2,6.2,2.1079551301915e-19,1.56001302821059e-19,2.15847197363006e-19,4.50204186875179e-20,1.170867954162e-19
6.3,6.3,4.7063714751401e-19,1.06217391212419e-19,4.84884748636964e-19,1.48392823489323e-19,3.73203331744811e-19
6.4,6.4,2.16840434497101e-19,4.84869951806108e-19,2.16840434497101e-19,0,0
6.5,6.5,5.84168478788563e-19,3.48546596003406e-19,4.84884748636964e-19,2.96887162566668e-19,6.4022468562717e-20
6.6,6.6,2.56399265634012e-19,1.82078593231151e-19,3.7509312173552e-20,4.50204186875179e-20,1.170867954162e-19
6.7,6.7,2.4303351783381e-19,1.28358334293472e-19,1.85585286009736e-19,1.55321454930786e-19,1.54197224122728e-19
6.8,6.8,5.42101086242752e-20,3.72712571389072e-20,9.4928173165309e-20,1.4572753533262e-19,1.59566259935498e-19
6.9,6.9,2.4768269591826e-19,2.31293278741186e-19,2.11749461218419e-19,5.2834484670552e-20,5.92316280599457e-20
7,7,8.98052772011105e-20,2.32781624708638e-19,1.06022995469755e-19,1.25847554394585e-19,3.25607877880672e-20
7.1,7.1,3.65622545108903e-19,1.21792061796156e-19,1.92530345924139e-19,9.52540909582711e-20,1.31909096226738e-19
7.2,7.2,6.06642036978854e-20,8.44436283719587e-20,2.34736260422531e-20,2.30273788826792e-20,5.18370221794648e-20
7.3,7.3,1.45927863097459e-19,1.4518027654898e-19,1.354157042731e-19,2.28436561685467e-19,1.24937318080472e-19
7.4,7.4,8.77442619164893e-20,8.84542892259646e-20,1.71541737798494e-19,5.98653726626297e-20,1.67800062785976e-19
7.5,7.5,1.38902845780051e-19,6.14735536977598e-20,2.22585526341533e-19,8.33349063696891e-20,1.26398608099667e-19
7.6,7.6,8.25064006772269e-20,7.54385224385485e-20,2.58032429579198e-20,5.59434511681235e-20,1.07743123614554e-19
7.7,7.7,4.5423758334114e-20,1.98346892811577e-20,2.39727433030713e-19,6.91376541572788e-20,7.24326693251756e-20
7.8,7.8,1.02953612069185e-19,2.56394719646201e-19,1.55986882373338e-19,2.07943668853005e-19,1.34552043552019e-19
7.9,7.9,2.34995034905681e-19,2.69775813154503e-19,4.31734626744588e-19,2.85364202039066e-19,1.36331053267272e-19
8,8,2.58307651691754e-19,2.08479217241162e-19,1.7400263865736e-19,7.29614965765538e-20,9.57760772051207e-20
8.1,8.1,1.55269021572643e-19,3.5122353380563e-19,2.72240922950342e-19,1.34934612842804e-19,2.7321301629896e-19
8.2,8.2,2.31621507564984e-19,1.62076721390279e-19,5.2706961198491e-20,8.53249673930024e-20,1.82066959221575e-19
8.3,8.3,1.29471417340231e-19,1.79204236150826e-19,7.63060219908912e-20,8.39991616360669e-20,6.58654265998783e-20
8.4,8.4,1.53386651649947e-19,1.24795444931954e-19,4.4600125516397e-20,1.21673859858662e-19,5.20877916088515e-20
8.5,8.5,1.73877676031203e-19,1.2191148046615e-19,1.05706619507253e-19,4.65446274684922e-20,1.30969163648505e-19
8.6,8.6,4.64294719496856e-20,1.3335787569322e-19,1.12818842816434e-19,9.61049317122478e-20,1.98092083447696e-19
8.7,8.7,1.26214505913365e-19,1.84916971626379e-19,3.72837537496513e-20,1.48072620937803e-19,3.49940099743672e-19
8.8,8.8,1.95828292398594e-19,6.81773047728282e-20,5.23745691157322e-20,1.05176747514731e-19,5.7513569581831e-20
8.9,8.9,1.72145022792217e-19,2.25783702105952e-19,5.57355214252892e-20,1.45729683658617e-19,3.12190576353885e-19
9,9,9.97407190532035e-20,2.08556667740473e-19,4.3888503259576e-20,2.26740282327669e-19,2.53686924356959e-19
9.1,9.1,8.37876430568736e-20,1.43440022697409e-19,9.88558168906024e-20,1.23004205196927e-19,1.05062070147943e-19
9.2,9.2,1.96780556000367e-19,4.48255883956911e-20,1.45297522875933e-19,8.9414422526898e-20,7.89015640015683e-20
9.3,9.3,1.05438224881311e-19,1.17663258884628e-19,2.09623708488814e-19,2.00380565481045e-19,1.5184096888878e-19
9.4,9.4,1.13121578721559e-19,9.08074939909176e-20,1.19365328081645e-19,5.28180057851209e-20,1.87497929445647e-19
9.5,9.5,1.15094116646544e-19,3.08999870680001e-19,1.02881978872886e-19,2.55954280662986e-19,2.93150900825454e-19
9.6,9.6,1.0842021724855e-19,4.4909124419787e-20,2.00334439252726e-19,0,1.0842021724855e-19
9.7,9.7,2.31299572329293e-19,3.55697048240102e-19,1.55005873374227e-19,2.66676460875357e-19,1.99627002153679e-19
9.8,9.8,3.49319168302676e-19,1.80955484434e-20,1.35890164400355e-20,8.15183964986974e-20,3.25887913288052e-20
9.9,9.9,1.39126948249744e-19,1.25929761118789e-19,1.93392387864831e-19,1.43613964274391e-19,1.25174890449027e-19
10,10,6.05836794934675e-20,5.35057037126001e-20,1.24767635704424e-19,9.49049902370885e-20,5.52901079154533e-20
10.1,10.1,8.72547259016513e-20,1.00207110397466e-19,6.47630253600173e-20,1.72013424906413e-19,7.54558921269726e-20
10.2,10.2,2.67412458978179e-20,1.07268266893653e-19,1.60119075273262e-19,7.97434315689926e-20,1.00132163181502e-19
10.3,10.3,8.47955380810756e-20,1.37388333215927e-19,3.00408058609226e-19,2.66338401100143e-19,1.09113818692368e-19
10.4,10.4,9.63088008021962e-20,1.28570561593385e-19,4.81544004010981e-20,7.96931523480912e-20,1.36074729148564e-19
10.5,10.5,2.08035035108869e-19,5.64043372947217e-20,4.2115409657611e-19,2.73780601950326e-20,1.6628251051213e-19
10.6,10.6,1.63259263178715e-19,1.14585545695601e-19,1.99917449929794e-19,5.18081012198403e-20,1.2543303064381e-19
10.7,10.7,1.61088356793986e-19,5.57958399585112e-20,1.39065210727676e-19,9.06172779586222e-20,9.24045941418943e-20
10.8,10.8,1.00650897511788e-19,1.40983037019633e-19,3.03687300331881e-19,6.50981106871783e-20,1.10148688481547e-19
10.9,10.9,1.08714137620763e-19,4.77256939963137e-20,2.11772205445111e-19,2.425707718541e-19,1.99165922278256e-19
11,11,2.45558334108924e-19,2.86534582971658e-20,2.38318478901595e-19,2.46920136908985e-19,1.40848979750026e-19
11.1,11.1,2.42268984470726e-19,3.43835789317958e-19,3.20442407339489e-20,8.95083087002029e-20,3.00505954454978e-19
11.2,11.2,2.85890873552501e-19,8.80914265144472e-20,1.06065301957586e-19,1.30871387375031e-19,1.24948126624045e-19
11.3,11.3,8.91134571702197e-20,3.22360462062724e-19,2.62344392977019e-19,2.46690444023025e-19,3.54324969535098e-19
11.4,11.4,6.8512452210717e-20,1.20892019237947e-19,8.04066572194697e-20,8.13450496213469e-20,2.08380588473268e-19
11.5,11.5,8.24279173181409e-20,2.26981469012338e-19,1.47532844629191e-19,5.99231408257769e-20,2.28788527575829e-19
11.6,11.6,8.9449245959734e-20,9.34772486854814e-20,1.35525271560688e-20,1.09331156217651e-19,1.08539265897266e-19
11.7,11.7,1.11121201179505e-19,9.80291650628508e-20,4.34135672952092e-20,7.03069113474146e-20,1.47059448078669e-20
11.8,11.8,1.89269122980071e-20,1.52825746523877e-19,5.69830450222609e-20,5.42482758686683e-20,8.01061104677416e-20
11.9,11.9,1.89885646779761e-19,2.3285927321868e-19,2.40147280264379e-19,1.73459695535713e-19,1.76472947933205e-19
12,12,8.80914265144472e-20,1.08631769093124e-19,5.58785009585234e-20,3.3881317890172e-20,1.05848620828403e-19
12.1,12.1,2.09475888890087e-19,1.558127983814e-19,1.22724510401362e-19,2.14610168700458e-19,4.07212017650443e-20
12.2,12.2,1.19554827553e-19,2.18235396824037e-19,1.15899623864721e-19,2.33265294790643e-20,2.47648732403836e-19
12.3,12.3,1.15496250131047e-19,9.65837666376069e-20,1.41220858648114e-19,1.31956314795026e-19,1.00126474060112e-19
12.4,12.4,2.03287907341032e-20,1.64298018576363e-19,1.10983944434276e-19,5.74985031256265e-20,1.03435174396363e-19
12.5,12.5,2.19342285058265e-19,4.91279109407494e-20,1.77876918923403e-20,4.39074461537536e-19,2.32087027547678e-19
12.6,12.6,7.03037346221069e-20,2.71050543121376e-20,2.79520872593919e-20,3.81164826264435e-20,9.3173624197973e-20
12.7,12.7,5.59319528647991e-19,4.42038408621321e-19,4.3368417770403e-19,1.33831205666179e-19,8.89384594617015e-20
12.8,12.8,0,4.33680868994202e-19,0,0,0
