x_over_lambda_p,mf12_eta20_scaled,gl12_eta20_scaled,r2_eta20_scaled,r4_eta20_scaled,r6_eta20_scaled,gl12_difference_pct,r2_difference_pct,r4_difference_pct,r6_difference_pct
-5,0.000825144086329522,0.000635912879790151,0.000764355926139421,0.000798847867053838,0.000812364122333619,-0.0842255012041712,-0.0270563896564569,-0.0117042653205749,-0.005688273581357
-4.9609375,0.000825097884359316,0.000636059881252727,0.00076430362471111,0.000798800580577045,0.000812317358670682,-0.0841395076925403,-0.0270591044830722,-0.0117047480269556,-0.00568852358690643
-4.921875,0.000824937750545606,0.000636488792768694,0.000764124751210688,0.000798637185073789,0.000812155551240784,-0.0838773276904611,-0.0270674453880138,-0.0117061997824128,-0.00568926850189612
-4.8828125,0.000824599433202005,0.000637135819906901,0.000763754126540395,0.000798293341821546,0.000811814439467882,-0.0834387576767897,-0.0270818251556695,-0.0117086593261293,-0.00569051228305026
-4.84375,0.000823979413276039,0.000637898206070465,0.000763087763534881,0.000797665210308397,0.000811190368258551,-0.0828234582878163,-0.027102452139842,-0.0117122697374804,-0.00569231548125502
-4.8046875,0.000822946893114205,0.000638646221781289,0.000761995750998023,0.000796621272012804,0.000810152165564034,-0.0820309540860555,-0.0271289317844832,-0.0117173518698424,-0.00569484473724887
-4.765625,0.000821367955701667,0.00063924732466997,0.000760346635955125,0.000795026417391365,0.000808565255427742,-0.081060633226334,-0.0271601673623696,-0.0117244365094318,-0.00569839334144781
-4.7265625,0.000819139248983331,0.000639599844793321,0.000758040370745522,0.00079277572952922,0.00080632540977555,-0.0799117470122752,-0.0271946881103957,-0.0117342201645078,-0.00570335120386426
-4.6875,0.000816221017048779,0.000639666017067817,0.000755039886004327,0.000789827806107573,0.000803391965089589,-0.0785834093405997,-0.0272312982657274,-0.011747435640051,-0.00571012229429673
-4.6484375,0.00081265519405455,0.000639490076685182,0.00075138769011998,0.000786223280352494,0.000799806173717497,-0.0770745960364609,-0.0272697422417165,-0.011764661971216,-0.00571901008117119
-4.609375,0.000808557083720339,0.000639189940326927,0.000747196818866511,0.000782076943973259,0.00079568313010943,-0.0753841440886282,-0.0273110294852931,-0.0117861270502986,-0.00573010770891255
-4.5703125,0.000804078965476232,0.000638920814226255,0.000742614973621951,0.000777541663853678,0.000791175523263873,-0.0735107507972766,-0.0273571976557623,-0.0118115694057094,-0.0057432328814589
-4.53125,0.000799356945438119,0.000638822047223157,0.000737773063201702,0.000772755281178562,0.00078642046973899,-0.0714529728483375,-0.0274105600356233,-0.0118402167702722,-0.00575793585794236
-4.4921875,0.00079446223108014,0.000638968407653309,0.000732738614333639,0.000767791609716917,0.000781490592952042,-0.0692092253269704,-0.0274727548995818,-0.0118709091001691,-0.00577358641187385
-4.453125,0.000789379073577655,0.00063934802802385,0.00072749527579569,0.000762637811851821,0.000776371637235622,-0.0667777806792452,-0.0275440503705668,-0.0119023506369797,-0.00578951994929618
-4.4140625,0.000784021891560172,0.000639879531203974,0.000721960097866612,0.00075721079740601,0.000770979219348185,-0.0641567676271572,-0.0276232751197004,-0.0119334325678289,-0.00580520319130201
-4.375,0.000778286800101635,0.000640463561954387,0.000716033610005795,0.000751408065134972,0.000765210046397831,-0.0613441700384582,-0.0277084643345534,-0.0119635390256324,-0.00582037262758356
-4.3359375,0.000772115452183281,0.000641046631032107,0.000709661201362495,0.000745171098915552,0.000759005595562501,-0.0583378257507471,-0.027797955072581,-0.0119927452775846,-0.00583510650697191
-4.296875,0.000765540351778058,0.000641666431021187,0.000702876138316887,0.000738530627540109,0.000752397459275483,-0.0551354253491083,-0.0278914079915995,-0.0120218414442883,-0.00584981054946422
-4.2578125,0.000758686110157125,0.000642453095487974,0.00069579990818156,0.000731608262811626,0.000745508816569245,-0.051734510898149,-0.0279902135439625,-0.0120521625682822,-0.00586512223459687
-4.21875,0.000751719752196709,0.0006435795082304,0.00068859364216487,0.000724567537192236,0.00073850507666794,-0.0481324746323417,-0.0280969949604748,-0.0120852630989243,-0.00588176067793267
-4.1796875,0.000744767742591351,0.000645178332509946,0.000681377968055368,0.000717531813854404,0.000731511273982756,-0.0443265576124144,-0.0282143502076214,-0.0121225235022382,-0.00590036248869976
-4.140625,0.000737836627240171,0.0006472626555059,0.000674156946232234,0.000710505709549023,0.000724533015334761,-0.0403138483598064,-0.0283433855731365,-0.0121648024287576,-0.00592134564404307
-4.1015625,0.000730777941146836,0.00064969089929671,0.000666785084547027,0.000703340445045209,0.000717421557343043,-0.036091281485168,-0.0284827778629849,-0.0122122397421072,-0.0059448340510142
-4.0625,0.000723322377173441,0.000652200992665584,0.000659001131571346,0.00069576797491746,0.000709907972705111,-0.03165563633006,-0.0286289415365844,-0.0122642738628233,-0.00597065864749668
-4.0234375,0.00071517806126572,0.000654508649301473,0.000650523253851356,0.000687498744812931,0.000701701259112042,-0.0270035356424566,-0.0287774075921297,-0.0123198723078473,-0.0059984314256684
-3.984375,0.000706155678154816,0.000656432496356005,0.000641169422072427,0.000678345975720502,0.00069261318233452,-0.022131444305935,-0.0289249331017876,-0.0123779062064039,-0.00602767122230729
-3.9453125,0.000696264268977859,0.000657989874762557,0.000630948887949439,0.000668320564007779,0.000682653749790605,-0.0170356681385908,-0.0290714243388578,-0.0124375498082385,-0.00605794795245334
-3.90625,0.000685726650184651,0.000659412260662992,0.000620075882714037,0.000657645844983017,0.000672046349379322,-0.0117123527713832,-0.0292207025245627,-0.0124985721730433,-0.00608900726801086
-3.8671875,0.000674893525951659,0.000661059380159888,0.0006088858827925,0.000646671524787517,0.000661141702895009,-0.00615748260740002,-0.0293795454251862,-0.0125614175193668,-0.00612084132738669
-3.828125,0.000664079809118156,0.000663255532424328,0.00059767758874334,0.000635710380229918,0.000650254199261095,-0.000366879855274326,-0.0295551690147633,-0.012627036579671,-0.00615368332189949
-3.7890625,0.000653386655552093,0.000666111626094998,0.000586542052833284,0.000624861129227382,0.000639484120551236,0.00566379637579248,-0.0297520703363165,-0.0126965144689898,-0.00618792217134668
-3.75,0.000642589079799147,0.000669412796853779,0.000575255780112849,0.000613897071745976,0.000628605586440641,0.0119390509335217,-0.0299695859764503,-0.012770614334849,-0.00622395617638424
-3.7109375,0.000631150978152842,0.000672633432339,0.00056329688350989,0.000602281972652998,0.000617081954159715,0.018463553442922,-0.0302013882095543,-0.0128493946741517,-0.00626202527027727
-3.671875,0.000618380544977548,0.000675092590232161,0.000549996125838083,0.000589325845651171,0.000604221541695482,0.0252421390913112,-0.0304374319749379,-0.0129320457119816,-0.00630207442943815
-3.6328125,0.000603677545821998,0.000676201273036017,0.00053477548294595,0.00057443191781103,0.000589425021959361,0.0322798093692043,-0.030667831621784,-0.0130170267489256,-0.00634369979301083
-3.59375,0.000586775882930651,0.000675704995110975,0.000517380926726178,0.000557338244103389,0.000572427848232934,0.0395817327490927,-0.0308872150331464,-0.0131024894352065,-0.00638621100509994
-3.5546875,0.00056787374378746,0.000673813932555931,0.000498005874552499,0.000538246521033172,0.000553430000419386,0.0471532452805687,-0.0310977053520916,-0.0131868719298599,-0.00642881027230223
-3.515625,0.000547579111749296,0.000671148434952743,0.000477236394012822,0.00051776629235088,0.000533040919808613,0.0549998510848427,-0.0313090571358026,-0.0132694797124732,-0.00647084867871244
-3.4765625,0.000526670661801989,0.000668499921998873,0.000455819088356501,0.000496675011821105,0.000512039820950859,0.0631272227449122,-0.0315355452923607,-0.0133508563401736,-0.00651208606794211
-3.4375,0.000505755636582082,0.000666488760206173,0.000434331082935188,0.000475575881834879,0.000491033175117039,0.0715412016069052,-0.0317905748169622,-0.0134328000982929,-0.0065528657694964
-3.3984375,0.000484962327040224,0.000665256744121934,0.000412885098867637,0.000454591180936878,0.000470147158915998,0.0802477980282891,-0.0320810757340939,-0.0135179870671448,-0.00659412886228874
-3.359375,0.000463807485081542,0.000664334509521438,0.000391004601625401,0.000433231215889314,0.00044889546942684,0.0892531916236413,-0.0324040598817755,-0.0136092859352629,-0.00663723502825345
-3.3203125,0.00044132070230121,0.00066276591281396,0.000367747270178685,0.000410520505404659,0.00042630447666467,0.0985637315630546,-0.0327470257636468,-0.0137089546076504,-0.00668361817039593
-3.28125,0.000416406580872183,0.000659470202822746,0.000342057179344308,0.000385361484318518,0.00040127633911756,0.10818593696927,-0.0330924043789391,-0.013817957751172,-0.00673436595595704
-3.2421875,0.000388320231401338,0.00065371751981172,0.000313224670762159,0.000357010781607238,0.000373065329241311,0.118126497438685,-0.0334245146385366,-0.0139356195500781,-0.00678985144018282
-3.203125,0.000357067264170273,0.000645528888168477,0.000281271272568473,0.000325478966424517,0.000341678247383252,0.128392273683267,-0.0337362716154355,-0.0140597328446952,-0.00684954493304777
-3.1640625,0.000323548363564898,0.00063582079247949,0.000247086272309112,0.00029167387832563,0.00030801882498808,0.138990298263005,-0.0340327479643148,-0.0141871129186279,-0.00691209020976051
-3.125,0.000289355151079936,0.000626201042272676,0.00021222567673931,0.00025719456776276,0.000273682808557825,0.149927776359506,-0.0343297955593906,-0.0143144531942943,-0.00697565125810027
-3.0859375,0.000256259911395967,0.000618458499801798,0.000178415682926946,0.000223818940411186,0.000240446483293306,0.161212086535935,-0.0346479276783095,-0.0144392518058309,-0.00703844747417833
-3.046875,0.000225574351297423,0.000613921840538043,0.000146930677144356,0.00019286083793482,0.000209624146115328,0.172850781437402,-0.0350037554228748,-0.0145605585331474,-0.00709932600620953
-3.0078125,0.000197625247024694,0.000612935201900282,0.0001180855750437,0.00016464485599502,0.000181542779539145,0.18485158840437,-0.0354025578588736,-0.0146793439368885,-0.00715819504267828
-2.96875,0.000171570632193952,0.000614674372337635,9.10584856827698e-05,0.000138322762321232,0.000155357904691335,0.197222409990181,-0.0358353995460949,-0.0147983969198983,-0.00721617287532546
-2.9296875,0.000145659516679024,0.000617406511155945,6.41428171256814e-05,0.000112134441283953,0.000129313750264632,0.209971324381496,-0.0362825191571223,-0.014921779180592,-0.00727538757478698
-2.890625,0.000117862422281908,0.000619120684882477,3.53581361941526e-05,8.4040351639998e-05,0.000101374933740233,0.223106585707263,-0.0367220870929011,-0.0150539697107785,-0.00733846711341271
-2.8515625,8.66381548286457e-05,0.000618294639686046,3.19284963322153e-06,5.24904768154261e-05,6.99947675189557e-05,0.236636624183051,-0.0371409281891217,-0.0151988952996697,-0.00740785657677514
-2.8125,5.15240277430538e-05,0.000614485024645268,-3.28235984707254e-05,1.70165108145546e-05,3.47069687172227e-05,0.250570045975074,-0.0375425450334459,-0.015359057112018,-0.00748515665642106
-2.7734375,1.32834516370583e-05,0.000608474979970357,-7.19761322237421e-05,-2.16192197908019e-05,-3.72574901372035e-06,0.264915632591069,-0.0379484510745373,-0.015534937646579,-0.00757067756472863
-2.734375,-2.64912182320524e-05,0.000601876981419836,-0.000112745875699667,-6.18205082643115e-05,-4.37086171516343e-05,0.279682339526972,-0.038391351454457,-0.0157248226366693,-0.00766334517415988
-2.6953125,-6.61994901148298e-05,0.000596312026680415,-0.000153601864367923,-0.000101978772454768,-8.3636291493201e-05,0.294879293833628,-0.0389021922574367,-0.0159251111004246,-0.0077609996910596
-2.65625,-0.000105162567679727,0.00059247979471777,-0.000193899317511315,-0.00014140468584855,-0.00012282408779191,0.310515790227051,-0.0394961135981537,-0.0161311161266356,-0.00786102044520187
-2.6171875,-0.000144268775968761,0.000589513206932611,-0.000234504967902106,-0.000180976318133326,-0.000162155198445671,0.326601285351948,-0.0401635049066842,-0.0163382731280132,-0.00796112293219389
-2.578125,-0.000186022057864068,0.000584929912793115,-0.000277847639278972,-0.000223190837815943,-0.000204130914980786,0.343145389814099,-0.0408709311718394,-0.0165435668769724,-0.00806012705189289
-2.5390625,-0.00023390343569331,0.000575270804476051,-0.000327306313344303,-0.000271528990479333,-0.000252233300951165,0.360157857607852,-0.0415729748170794,-0.0167468741963471,-0.00815849624689986
-2.5,-0.000291239276921932,0.000557231720718773,-0.000386121340996183,-0.000329325309178646,-0.000309793803295067,0.377648572560483,-0.0422313504632092,-0.0169518295336375,-0.00825849135543194
-2.4609375,-0.000360001429762877,0.000528863273118344,-0.00045623728626887,-0.000398568214012878,-0.000378792686963616,0.395627531378083,-0.0428339141110086,-0.0171658089207058,-0.00836385860943844
-2.421875,-0.000440039030263822,0.000490338992206766,-0.000537558298383328,-0.000479129161741708,-0.000459089124171382,0.414104822798491,-0.0434051517434068,-0.0173987471520817,-0.00847906503738815
-2.3828125,-0.000529111575761656,0.000443922197037356,-0.000627972258377771,-0.000568790414579183,-0.000548451788319996,0.433090602239178,-0.0440022060578914,-0.0176607767171345,-0.00860819484223151
-2.34375,-0.000623790770962384,0.000393064080338396,-0.000724209980617784,-0.000664139791933288,-0.00064345792812869,0.452595061189773,-0.0446958956634518,-0.0179590701582559,-0.00875371562590929
-2.3046875,-0.000720933938402118,0.000340930215498653,-0.000823255421766527,-0.000762036970604004,-0.000740964351016517,0.472628390468079,-0.0455425845341669,-0.0182946753420125,-0.00891539811338206
-2.265625,-0.000819152098734414,0.000288932377753281,-0.000923753977773681,-0.000861076808990186,-0.000839574129309813,0.493200736366493,-0.0465575728765824,-0.0186603985606223,-0.00908970455917926
-2.2265625,-0.00091962938755115,0.000235909010613322,-0.00102680164436378,-0.000962408647996731,-0.000940456315773092,0.514322148687555,-0.047701630245367,-0.0190407529395697,-0.00926992170116168
-2.1875,-0.00102585022065903,0.000178397923468564,-0.00113568887608153,-0.00106946930772754,-0.00104707540274948,0.5360025197125,-0.0488884258243508,-0.0194145539607381,-0.00944718174349552
-2.1484375,-0.00114220375836587,0.00011203166790333,-0.00125456872646175,-0.00118659883994245,-0.00116379988957485,0.558251513254351,-0.0500128701219144,-0.0197599437490777,-0.0096122886304633
-2.109375,-0.00127191348272124,3.36077771893104e-05,-0.00138647706530071,-0.00131698417565799,-0.0012938369476166,0.581078483087246,-0.0509914582217359,-0.0200606536925883,-0.00975798259025468
-2.0703125,-0.00141509033505471,-5.69645796854436e-05,-0.00153146858989678,-0.00146072459765368,-0.0014372902098546,0.604492380174466,-0.0517991562945513,-0.0203114946512865,-0.00988101072695596
-2.03125,-0.00156776863058669,-0.000155700747340212,-0.00168569065303613,-0.0016138730532648,-0.00159019816501912,0.628501648199358,-0.0524862765790537,-0.0205207596506287,-0.00998323064094898
-1.9921875,-0.00172249385054272,-0.000255128638203457,-0.00184193944994309,-0.00176901829047386,-0.00174512070952992,0.65311410691199,-0.0531644101420219,-0.0207077064248806,-0.01007105843547
-1.953125,-0.0018704674630896,-0.000346433844141209,-0.00199170397631762,-0.00191741180019804,-0.00189327827260515,0.678336822744023,-0.0539615334997715,-0.0208945997542627,-0.0101529335433383
-1.9140625,-0.0020046155288643,-0.000422528562722813,-0.00212809349943128,-0.00205200937078726,-0.00202761088097677,0.704175966050975,-0.0549591906581981,-0.0210946712381824,-0.0102350721768301
-1.875,-0.00212248907320836,-0.000480952321823499,-0.00224860711158391,-0.00217034253041062,-0.00214566731138907,0.730636654275576,-0.0561342665796383,-0.0212992428200501,-0.0103164735008664
-1.8359375,-0.0022278361169976,-0.000525444395966433,-0.00235664056929146,-0.00227606974323735,-0.00225116763567289,0.757722780358901,-0.0573299708339692,-0.0214684534291759,-0.0103846975888299
-1.796875,-0.0023300845568564,-0.000565427106282186,-0.00246100832581435,-0.00237845622877658,-0.00235348213678219,0.785436825914677,-0.0582732640228058,-0.0215298966067371,-0.0104141009945095
-1.7578125,-0.00244173682201163,-0.000613400931604891,-0.00257348580144717,-0.00248978907843983,-0.00246503041153859,0.813779659049221,-0.0586405594987703,-0.0213877269805099,-0.010367815587246
-1.71875,-0.00257453556807013,-0.000681110690083303,-0.00270519345678047,-0.00262158563313463,-0.00259746060121651,0.842750317230088,-0.0581549225635659,-0.0209416585362315,-0.0102037736913901
-1.6796875,-0.00273587599902127,-0.000775958380350955,-0.00286322660595136,-0.00278106106197564,-0.00275808195625509,0.872345776208153,-0.056682874318146,-0.0201115589963832,-0.0098837179762304
-1.640625,-0.00292703115828632,-0.000899229019515891,-0.00304901366112049,-0.00296940487735849,-0.00294811166296914,0.902560706578251,-0.0542935683137948,-0.0188602492792114,-0.00938278683002328
-1.6015625,-0.00314421403452218,-0.00104715331909208,-0.00325936065370242,-0.00318287091459751,-0.0031637524951459,0.933387220019282,-0.0512509637801395,-0.017205909949408,-0.00869643368494212
-1.5625,-0.00338245799582448,-0.00121478870734283,-0.00349014241898997,-0.00341664647352289,-0.00340007578970416,0.964814607517023,-0.0479295919466021,-0.015217054957355,-0.00784155820154752
-1.5234375,-0.00364110661164972,-0.00140150975204177,-0.00374146965620257,-0.00367028577733438,-0.00365649663758296,0.996829071934926,-0.0446708969647746,-0.0129874448271743,-0.00684999409704804
-1.484375,-0.00392882356885584,-0.00161601868489799,-0.00402233473408338,-0.00395262684464167,-0.00394175285860213,1.02941345722634,-0.041621172868421,-0.0105946734157992,-0.00575473744003538
-1.4453125,-0.00426586064402041,-0.00187861398482786,-0.00435259501426595,-0.00428395279051967,-0.00427613252126137,1.06254697650327,-0.0386048682939549,-0.00805268927164187,-0.00457194151403303
-1.40625,-0.00468202954816759,-0.00221916283107569,-0.00476085032337969,-0.00469387646663936,-0.00468940756596278,1.09620494124461,-0.0350825818793198,-0.00527298147201538,-0.00328390469023206
-1.3671875,-0.00521026392297206,-0.00267066369935581,-0.00527816203801082,-0.0052148687920453,-0.00521437353240885,1.1303584942677,-0.0302209813832586,-0.00204959537470404,-0.00182915873600583
-1.328125,-0.00587737763518448,-0.00326000524036496,-0.00592920468601855,-0.00587306067452358,-0.00587761292209318,1.16497434975541,-0.0230678618620199,0.00192144933170506,-0.000104724575691879
-1.2890625,-0.00669500108145617,-0.00399890314333246,-0.00672373670930371,-0.00667930353198801,-0.00669046851551635,1.2000145445712,-0.0127900292036218,0.00698687069544444,0.00201741375011119
-1.25,-0.00765413008751696,-0.00487844955668757,-0.00765167337489806,-0.00762390051343408,-0.00764365602340535,1.23543620614777,0.00109346579470225,0.0134549743400229,0.00466193349172147
-1.2109375,-0.00872594350134862,-0.00586993115152075,-0.00868425407647737,-0.00867761844401209,-0.00870815686302298,1.2711913431652,0.0185556746633307,0.0215091487779662,0.00791670969662353
-1.171875,-0.0098696465366459,-0.00693267286889005,-0.00978193685339733,-0.00979967827349089,-0.00984312580254257,1.3072266658022,0.0390389733658066,0.0311423899915251,0.0118041953174952
-1.1328125,-0.0110456187142285,-0.00802718618332201,-0.0109072570316689,-0.010950947061861,-0.0110090690927414,1.34348344237649,0.0615838279222152,0.0421376976678302,0.0162679837267069
-1.09375,-0.0122299134866378,-0.00912966895363879,-0.012038756127117,-0.0121083448537391,-0.0121823236080251,1.37989739865136,0.0850828185738985,0.054109357668098,0.0211819258129034
-1.0546875,-0.0134250144959114,-0.0102427617992116,-0.0131810333957597,-0.0132753746127329,-0.013365738840109,1.41639866510129,0.108594300170855,0.0666036770115319,0.0263831844148208
-1.015625,-0.0146622595714783,-0.011397972099296,-0.0143665258359098,-0.0144842322088958,-0.0145909867864804,1.45291177627119,0.13162904024532,0.0792387477508799,0.0317230236410386
-0.9765625,-0.0159935402942235,-0.0126473734344372,-0.015646809305562,-0.0157871860387807,-0.0159101371552209,1.48935572537108,0.154327564872111,0.0918468518387121,0.037122160308331
-0.9375,-0.0174732263318389,-0.0140455296691712,-0.0170744900144506,-0.0172382739241916,-0.0173774855930829,1.52564407672885,0.17747477699109,0.104575691584478,0.042613540624994
-0.8984375,-0.0191347444426802,-0.0156260735670918,-0.0186801366582015,-0.0188698348195965,-0.0190261014155341,1.56168513883796,0.202342780555467,0.117909440974747,0.0483562599481789
-0.859375,-0.020968698932944,-0.0173798267153951,-0.0204510570788929,-0.0206708104033544,-0.0208460042272583,1.59738220142826,0.230398808944028,0.132588124160389,0.05461056487705
-0.8203125,-0.0229099162197129,-0.0192418434015644,-0.0223191443976551,-0.0225741872212443,-0.022771351106366,1.63263384096045,0.262948451896941,0.149430655133021,0.0616743735585957
-0.78125,-0.0248389585585663,-0.0210929234892391,-0.0241631554675959,-0.0244590463372868,-0.0246821511467833,1.66733429973051,0.300795281567165,0.169096302010806,0.0697938944188033
-0.7421875,-0.0265998468447541,-0.0227773341904244,-0.0258270093114507,-0.0261688292763112,-0.0264221959916682,1.70137394385435,0.343984640706318,0.191842938560741,0.0790711659780598
-0.703125,-0.0280310006945649,-0.0241337489311231,-0.0271510312083033,-0.0275426749535308,-0.027830152364955,1.73463980438362,0.391668331984898,0.217350409806414,0.0893962023325165
-0.6640625,-0.0290021672916722,-0.0250321747907046,-0.0280089127589377,-0.0284524644726191,-0.0287765322309355,1.76701620354161,0.442090722628629,0.244668922715248,0.100428604918459
-0.625,-0.0294477301662653,-0.0254072596857594,-0.0283408401500603,-0.0288358903394225,-0.029196900087797,1.79838546476986,0.492669090356199,0.272325675108893,0.111642733048259
-0.5859375,-0.029387119777929,-0.0252787011808725,-0.0281735945875355,-0.0287162861278261,-0.0291120448582032,1.82862870148021,0.540131668840317,0.298583417808415,0.122433944201374
-0.546875,-0.0289261340052635,-0.0247525650487406,-0.0276214904707447,-0.0282031344474379,-0.0286289710361055,1.85762667586319,0.580687813586214,0.321802102527891,0.132265182230664
-0.5078125,-0.0282380010541148,-0.024002346116625,-0.0268669860891044,-0.0274722715386034,-0.027921621214696,1.88526071657095,0.61022927823693,0.340820911150068,0.140818478269329
-0.46875,-0.0275285284807873,-0.0232341151228564,-0.0261252564230605,-0.0267303511716037,-0.0271957678078055,1.91141368310391,0.624586687097268,0.355263199686865,0.148109473989433
-0.4296875,-0.0269940369959447,-0.0226444502749344,-0.0256013475090578,-0.0261724623172495,-0.0266468562957213,1.93597096540144,0.619876458011304,0.36567720702749,0.154527728377877
-0.390625,-0.0267826597438561,-0.0223817342253661,-0.0254504424727036,-0.025943598773177,-0.0264214291213436,1.95882150907244,0.59296069304682,0.373460234644793,0.160781251611784
-0.3515625,-0.0269684307719142,-0.0225202401963867,-0.0257506967609687,-0.0261134052295582,-0.026591549686923,1.97985885904882,0.542004985757501,0.380565955078432,0.167747164213884
-0.3125,-0.0275437637422996,-0.0230526083179493,-0.0264943960170736,-0.0266696751534344,-0.027147766073254,1.99898221609148,0.467066316497043,0.389050785229245,0.176255823555754
-0.2734375,-0.0284306326477369,-0.0239010239537329,-0.0275980134633742,-0.0275306838564924,-0.028010818579727,2.01609750045048,0.370593040110233,0.400560982444975,0.186856338007552
-0.234375,-0.0295056520954224,-0.0249422955979143,-0.0289266905322198,-0.0285712760616161,-0.029057159284272,2.03111841437192,0.257691787366738,0.415884309991591,0.199621048221509
-0.1953125,-0.0306308711050687,-0.0260386463189131,-0.0303252548270431,-0.029654263205991,-0.0301499788514224,2.04396748998005,0.136027691539911,0.4346814211252,0.21404181598418
-0.15625,-0.0316814098441281,-0.0270653482192779,-0.0316470806105303,-0.0306580887610832,-0.0311667937455742,2.05457710201441,0.0152797044346228,0.455473136215111,0.229052066099996
-0.1171875,-0.0325631585709485,-0.0279284192456101,-0.0327739840619333,-0.0314939455353849,-0.0320168018601666,2.06289041731649,-0.0938369678529546,0.475899326867323,0.243179593067249
-0.078125,-0.0332177948561185,-0.0285696384962371,-0.0336241489251349,-0.0321097163020052,-0.0326453230795907,2.06886224659203,-0.180865385552265,0.493198100358592,0.254803228204653
-0.0390625,-0.0336169192621466,-0.0289606802918319,-0.0341494212825107,-0.0324827798080334,-0.0330272454076105,2.07245976059215,-0.23701296618888,0.504797626697144,0.262459754147176
0,-0.0337506016733043,-0.0290916592837395,-0.0343266952881881,-0.0326072853013019,-0.0331549215994711,2.07366303380201,-0.256415283406327,0.50888220937703,0.265133080814017
0.0390625,-0.0336169192621466,-0.0289606676563369,-0.0341494212825107,-0.0324827798080334,-0.0330272454076105,2.07246538456358,-0.237012966188877,0.504797626697147,0.262459754147182
0.078125,-0.0332177948561185,-0.0285696132334615,-0.0336241489251349,-0.0321097163020052,-0.0326453230795907,2.06887349087872,-0.180865385552265,0.493198100358592,0.254803228204653
0.1171875,-0.0325631585709485,-0.027928381371999,-0.0327739840619333,-0.0314939455353849,-0.0320168018601666,2.06290727459885,-0.0938369678529577,0.475899326867323,0.243179593067249
0.15625,-0.0316814098441281,-0.0270652977595393,-0.0316470806105303,-0.0306580887610832,-0.0311667937455742,2.05459956129505,0.0152797044346228,0.455473136215114,0.229052066099997
0.1953125,-0.0306308711050687,-0.0260385833060656,-0.0303252548270431,-0.029654263205991,-0.0301499788514224,2.04399553656264,0.136027691539911,0.434681421125203,0.214041815984183
0.234375,-0.0295056520954224,-0.0249422200733481,-0.0289266905322198,-0.0285712760616161,-0.029057159284272,2.03115202983397,0.257691787366738,0.415884309991591,0.199621048221509
0.2734375,-0.0284306326477369,-0.0239009359672832,-0.0275980134633742,-0.0275306838564924,-0.028010818579727,2.01613666261069,0.370593040110235,0.40056098244498,0.186856338007554
0.3125,-0.0275437637422996,-0.0230525079279792,-0.0264943960170736,-0.0266696751534344,-0.027147766073254,1.9990268989728,0.467066316497043,0.389050785229242,0.176255823555754
0.3515625,-0.0269684307719142,-0.0225201274698775,-0.0257506967609687,-0.0261134052295582,-0.026591549686923,1.97990903283839,0.542004985757504,0.380565955078435,0.167747164213881
0.390625,-0.0267826597438561,-0.0223816092380107,-0.0254504424727036,-0.025943598773177,-0.0264214291213436,1.95887714007983,0.59296069304682,0.373460234644793,0.160781251611784
0.4296875,-0.0269940369959447,-0.0226443131112322,-0.0256013475090578,-0.0261724623172495,-0.0266468562957213,1.9360320160166,0.619876458011307,0.365677207027493,0.15452772837788
0.46875,-0.0275285284807873,-0.0232339658762044,-0.0261252564230605,-0.0267303511716037,-0.0271957678078054,1.91148011175644,0.624586687097272,0.355263199686868,0.148109473989438
0.5078125,-0.0282380010541148,-0.0240021848894034,-0.0268669860891044,-0.0274722715386034,-0.0279216212146961,1.88533247769216,0.610229278236928,0.340820911150067,0.140818478269323
0.546875,-0.0289261340052635,-0.0247523919523882,-0.0276214904707447,-0.0282031344474379,-0.0286289710361055,1.8577037198524,0.580687813586208,0.321802102527884,0.132265182230658
0.5859375,-0.029387119777929,-0.0252785163359498,-0.0281735945875355,-0.0287162861278261,-0.0291120448582032,1.8287109746768,0.54013166884032,0.298583417808415,0.122433944201372
0.625,-0.0294477301662653,-0.0254070632219953,-0.0283408401500603,-0.0288358903394225,-0.0291969000877969,1.7984729094324,0.492669090356199,0.272325675108893,0.111642733048262
0.6640625,-0.0290021672916722,-0.0250319668470245,-0.0280089127589377,-0.0284524644726191,-0.0287765322309355,1.76710875783539,0.442090722628629,0.244668922715251,0.100428604918459
0.703125,-0.0280310006945649,-0.0241335296556547,-0.0271510312083033,-0.0275426749535308,-0.0278301523649549,1.73473740237795,0.391668331984898,0.217350409806416,0.0893962023325195
0.7421875,-0.0265998468447541,-0.0227771037404797,-0.0258270093114507,-0.0261688292763112,-0.0264221959916682,1.70147651553082,0.343984640706321,0.191842938560746,0.0790711659780629
0.78125,-0.0248389585585663,-0.0210926820312684,-0.0241631554675959,-0.0244590463372868,-0.0246821511467833,1.66744177100321,0.300795281567165,0.169096302010809,0.0697938944188033
0.8203125,-0.0229099162197129,-0.0192415911110821,-0.0223191443976551,-0.0225741872212443,-0.022771351106366,1.63274613370914,0.262948451896941,0.149430655133021,0.0616743735585941
0.859375,-0.020968698932944,-0.0173795637768747,-0.0204510570788929,-0.0206708104033544,-0.0208460042272583,1.59749923354507,0.230398808944026,0.132588124160389,0.0546105648770485
0.8984375,-0.0191347444426802,-0.01562580017383,-0.0186801366582015,-0.0188698348195965,-0.0190261014155341,1.56180682428784,0.202342780555465,0.117909440974747,0.0483562599481789
0.9375,-0.0174732263318389,-0.0140452460231213,-0.0170744900144506,-0.0172382739241916,-0.0173774855930829,1.52577032562383,0.17747477699109,0.104575691584478,0.042613540624994
0.9765625,-0.0159935402942235,-0.0126470797460119,-0.015646809305562,-0.0157871860387807,-0.0159101371552209,1.48948644405787,0.154327564872113,0.0918468518387152,0.0371221603083341
1.015625,-0.0146622595714783,-0.0113976685871424,-0.0143665258359098,-0.0144842322088958,-0.0145909867864804,1.4530468674315,0.131629040245317,0.0792387477508791,0.0317230236410378
1.0546875,-0.0134250144959114,-0.010242448689959,-0.0131810333957597,-0.0132753746127329,-0.013365738840109,1.41653802786398,0.108594300170854,0.0666036770115311,0.02638318441482
1.09375,-0.0122299134866378,-0.00912934648162273,-0.012038756127117,-0.0121083448537391,-0.0121823236080251,1.38004092871532,0.0850828185738985,0.0541093576680972,0.0211819258129049
1.1328125,-0.0110456187142285,-0.00802685459028633,-0.0109072570316689,-0.010950947061861,-0.0110090690927414,1.34363103214319,0.0615838279222152,0.0421376976678302,0.0162679837267069
1.171875,-0.0098696465366459,-0.00693233240367023,-0.00978193685339733,-0.00979967827349089,-0.00984312580254257,1.3073782045167,0.0390389733658043,0.0311423899915227,0.0118041953174929
1.2109375,-0.00872594350134862,-0.00586958206971067,-0.00868425407647737,-0.00867761844401209,-0.00870815686302298,1.27134671706443,0.0185556746633323,0.0215091487779685,0.00791670969662507
1.25,-0.00765413008751696,-0.00487809212029263,-0.00765167337489806,-0.00762390051343408,-0.00764365602340535,1.23559529861493,0.00109346579470225,0.0134549743400229,0.00466193349172147
1.2890625,-0.00669500108145618,-0.0039985376204117,-0.00672373670930371,-0.00667930353198801,-0.00669046851551635,1.20017723629508,-0.0127900292036202,0.00698687069544522,0.00201741375011235
1.328125,-0.00587737763518447,-0.00325963190466474,-0.00592920468601855,-0.00587306067452358,-0.00587761292209318,1.16514051889339,-0.0230678618620207,0.00192144933170391,-0.000104724575693809
1.3671875,-0.00521026392297207,-0.0026702828299378,-0.00527816203801082,-0.0052148687920453,-0.00521437353240885,1.13052801661136,-0.0302209813832582,-0.00204959537470288,-0.00182915873600506
1.40625,-0.00468202954816759,-0.00221877471194177,-0.00476085032337969,-0.00469387646663936,-0.00468940756596278,1.09637769038667,-0.0350825818793206,-0.00527298147201576,-0.00328390469023245
1.4453125,-0.00426586064402041,-0.0018782189045444,-0.00435259501426595,-0.00428395279051967,-0.00427613252126137,1.06272282400485,-0.0386048682939541,-0.00805268927164226,-0.00457194151403226
1.484375,-0.00392882356885584,-0.0016156169362219,-0.00402233473408337,-0.00395262684464167,-0.00394175285860213,1.02959227278335,-0.0416211728684195,-0.0105946734157977,-0.00575473744003538
1.5234375,-0.00364110661164972,-0.00140110163155052,-0.00374146965620257,-0.00367028577733438,-0.00365649663758296,0.997010723542799,-0.0446708969647734,-0.0129874448271731,-0.0068499940970463
1.5625,-0.00338245799582448,-0.00121437451507019,-0.00349014241898997,-0.00341664647352289,-0.00340007578970416,0.964998961632797,-0.0479295919466013,-0.0152170549573539,-0.00784155820154675
1.6015625,-0.00314421403452218,-0.00104673335817145,-0.00325936065370242,-0.00318287091459751,-0.00316375249514591,0.933574141720376,-0.0512509637801382,-0.0172059099494078,-0.00869643368494425
1.640625,-0.00292703115828632,-0.000898803595832453,-0.00304901366112049,-0.00296940487735849,-0.00294811166296914,0.902750059717286,-0.0542935683137942,-0.0188602492792124,-0.00938278683002347
1.6796875,-0.00273587599902127,-0.000775527802203933,-0.00286322660595136,-0.00278106106197563,-0.00275808195625509,0.872537423563278,-0.0566828743181468,-0.0201115589963836,-0.00988371797623079
1.71875,-0.00257453556807013,-0.000680675267859109,-0.00270519345678047,-0.00262158563313464,-0.00259746060121651,0.842944120650458,-0.0581549225635665,-0.020941658536233,-0.0102037736913907
1.7578125,-0.00244173682201163,-0.000612960977461964,-0.00257348580144717,-0.00248978907843983,-0.00246503041153859,0.813975479595275,-0.0586405594987696,-0.0213877269805091,-0.0103678155872452
1.796875,-0.0023300845568564,-0.000564982933847863,-0.00246100832581436,-0.00237845622877658,-0.00235348213678219,0.785634523993054,-0.0582732640228075,-0.0215298966067377,-0.0104141009945101
1.8359375,-0.00222783611699761,-0.000524996320046034,-0.00235664056929146,-0.00227606974323734,-0.0022511676356729,0.757922215851935,-0.0573299708339673,-0.021468453429172,-0.0103846975888299
1.875,-0.00212248907320836,-0.000480500658121537,-0.00224860711158391,-0.00217034253041062,-0.00214566731138907,0.730837686665366,-0.0561342665796383,-0.0212992428200495,-0.0103164735008658
1.9140625,-0.0020046155288643,-0.000422073627576058,-0.00212809349943128,-0.00205200937078726,-0.00202761088097677,0.704378454538216,-0.0549591906581975,-0.0210946712381807,-0.0102350721768295
1.953125,-0.00187046746308959,-0.000345975954262966,-0.00199170397631762,-0.00191741180019804,-0.00189327827260515,0.678540626361809,-0.053961533499773,-0.0208945997542648,-0.0101529335433422
1.9921875,-0.00172249385054272,-0.000254668110438468,-0.00184193944994309,-0.00176901829047386,-0.00174512070952991,0.653319084634924,-0.0531644101420223,-0.0207077064248803,-0.0100710584354698
2.03125,-0.00156776863058669,-0.00015523789842928,-0.00168569065303613,-0.0016138730532648,-0.00159019816501912,0.628707659048299,-0.0524862765790542,-0.0205207596506271,-0.00998323064094801
2.0703125,-0.00141509033505471,-5.64997260388652e-05,-0.00153146858989678,-0.00146072459765368,-0.0014372902098546,0.604699283317375,-0.0517991562945534,-0.0203114946512873,-0.00988101072695731
2.109375,-0.00127191348272124,3.4074319710523e-05,-0.00138647706530071,-0.00131698417565799,-0.0012938369476166,0.581286137936573,-0.0509914582217371,-0.0200606536925883,-0.00975798259025526
2.1484375,-0.00114220375836587,0.000112499584199519,-0.00125456872646175,-0.00118659883994245,-0.00116379988957485,0.558459779561421,-0.0500128701219134,-0.0197599437490767,-0.00961228863046291
2.1875,-0.00102585022065903,0.000178866899408007,-0.00113568887608153,-0.00106946930772755,-0.00104707540274948,0.536211257659452,-0.04888842582435,-0.019414553960738,-0.00944718174349475
2.2265625,-0.000919629387551154,0.000236378733234487,-0.00102680164436378,-0.000962408647996732,-0.000940456315773094,0.514531218977379,-0.0477016302453664,-0.0190407529395685,-0.0092699217011611
2.265625,-0.000819152098734411,0.000289402535464127,-0.000923753977773679,-0.000861076808990189,-0.000839574129309813,0.493410000311721,-0.046557572876583,-0.0186603985606247,-0.00908970455918047
2.3046875,-0.000720933938402117,0.000341400498274255,-0.000823255421766525,-0.000762036970604007,-0.000740964351016513,0.472837710078767,-0.0455425845341658,-0.0182946753420139,-0.00891539811338042
2.34375,-0.000623790770962383,0.000393534179918167,-0.000724209980617783,-0.000664139791933287,-0.00064345792812869,0.452804299261263,-0.0446958956634515,-0.0179590701582556,-0.00875371562590957
2.3828125,-0.000529111575761653,0.000444391807123126,-0.000627972258377768,-0.000568790414579181,-0.000548451788319994,0.433299622440272,-0.0440022060578914,-0.0176607767171345,-0.00860819484223151
2.421875,-0.00044003903026382,0.000490807808662725,-0.000537558298383328,-0.000479129161741712,-0.000459089124171385,0.414313489760447,-0.0434051517434076,-0.0173987471520844,-0.0084790650373902
2.4609375,-0.000360001429762879,0.000529330994173858,-0.00045623728626887,-0.000398568214012878,-0.000378792686963616,0.395835710784879,-0.0428339141110074,-0.0171658089207046,-0.00836385860943728
2.5,-0.000291239276921932,0.000557698047174671,-0.000386121340996183,-0.000329325309178646,-0.000309793803295067,0.377856131240635,-0.0422313504632092,-0.0169518295336375,-0.00825849135543194
2.5390625,-0.000233903435693311,0.000575735439915063,-0.000327306313344306,-0.000271528990479332,-0.000252233300951165,0.360364663628084,-0.0415729748170801,-0.016746874196346,-0.00815849624689929
2.578125,-0.000186022057864065,0.000585392563794738,-0.000277847639278974,-0.000223190837815946,-0.000204130914980787,0.343351312574972,-0.0408709311718415,-0.0165435668769751,-0.00806012705189493
2.6171875,-0.000144268775968763,0.000589973583292671,-0.000234504967902107,-0.000180976318133328,-0.000162155198445672,0.326806195685598,-0.0401635049066839,-0.0163382731280135,-0.00796112293219359
2.65625,-0.000105162567679727,0.000592937609672777,-0.000193899317511315,-0.000141404685848549,-0.00012282408779191,0.310719560497026,-0.0394961135981537,-0.016131116126635,-0.00786102044520187
2.6953125,-6.61994901148281e-05,0.000596766997136542,-0.000153601864367924,-0.00010197877245477,-8.36362914931996e-05,0.295081798036825,-0.0389021922574381,-0.015925111100426,-0.00776099969105975
2.734375,-2.64912182320553e-05,0.000602328828186327,-0.000112745875699667,-6.18205082643115e-05,-4.37086171516343e-05,0.27988345339752,-0.0383913514544557,-0.015724822636668,-0.0076633451741586
2.7734375,1.32834516370563e-05,0.000608923427996857,-7.19761322237421e-05,-2.16192197908033e-05,-3.7257490137217e-06,0.265115233705953,-0.0379484510745364,-0.0155349376465787,-0.00757067756472833
2.8125,5.15240277430549e-05,0.000614929803262334,-3.28235984707267e-05,1.70165108145533e-05,3.47069687172227e-05,0.250768013861197,-0.037542545033447,-0.015359057112019,-0.00748515665642151
2.8515625,8.66381548286457e-05,0.000618735482847907,3.19284963322289e-06,5.24904768154261e-05,6.99947675189557e-05,0.236832840425283,-0.037140928189121,-0.0151988952996697,-0.00740785657677514
2.890625,0.000117862422281908,0.000619557331410891,3.53581361941526e-05,8.4040351639998e-05,0.000101374933740232,0.223300934056974,-0.0367220870929011,-0.0150539697107786,-0.00733846711341334
2.9296875,0.000145659516679023,0.000617838704983757,6.41428171256801e-05,0.000112134441283951,0.00012931375026463,0.210163690864966,-0.0362825191571225,-0.0149217791805925,-0.00727538757478718
2.96875,0.000171570632193951,0.000615101862750573,9.10584856827678e-05,0.000138322762321232,0.000155357904691337,0.197412683016223,-0.0358353995460955,-0.014798396919898,-0.00721617287532452
3.0078125,0.000197625247024693,0.000613357743775412,0.000118085575043702,0.000164644855995021,0.000181542779539145,0.18503965887046,-0.0354025578588726,-0.0146793439368878,-0.0071581950426782
3.046875,0.000225574351297426,0.000614339194577155,0.000146930677144353,0.00019286083793482,0.000209624146115324,0.173036542833561,-0.035003755422877,-0.0145605585331484,-0.00709932600621232
3.0859375,0.000256259911395965,0.000618870432758175,0.00017841568292695,0.000223818940411186,0.000240446483293303,0.161395435045665,-0.0346479276783064,-0.0144392518058296,-0.0070384474741783
3.125,0.000289355151079936,0.000626607327169441,0.000212225676739312,0.00025719456776276,0.000273682808557827,0.150108610956967,-0.03432979555939,-0.0143144531942943,-0.00697565125809967
3.1640625,0.000323548363564897,0.000636221208817875,0.000247086272309111,0.000291673878325633,0.00030801882498808,0.139168520805722,-0.0340327479643149,-0.0141871129186262,-0.00691209020976003
3.203125,0.000357067264170275,0.000645923222124297,0.000281271272568472,0.000325478966424515,0.00034167824738325,0.128567788999573,-0.0337362716154367,-0.0140597328446971,-0.00684954493304965
3.2421875,0.000388320231401338,0.000654105564418303,0.000313224670762159,0.000357010781607236,0.000373065329241311,0.118299213409147,-0.0334245146385362,-0.0139356195500786,-0.00678985144018272
3.28125,0.000416406580872187,0.000659851758138693,0.000342057179344308,0.000385361484318515,0.000401276339117559,0.108355764601351,-0.0330924043789408,-0.0138179577511748,-0.00673436595595895
3.3203125,0.000441320702301211,0.000663140786074097,0.000367747270178686,0.000410520505404659,0.000426304476664668,0.0987305850583133,-0.0327470257636467,-0.0137089546076506,-0.00668361817039704
3.359375,0.000463807485081543,0.00066470251526951,0.000391004601625402,0.000433231215889313,0.000448895469426839,0.0894169884367789,-0.032404059881775,-0.0136092859352637,-0.00663723502825393
3.3984375,0.000484962327040224,0.000665617704323655,0.000412885098867637,0.000454591180936876,0.000470147158915996,0.0804084589174768,-0.0320810757340942,-0.013517987067146,-0.00659412886228995
3.4375,0.000505755636582081,0.000666842504341554,0.000434331082935187,0.000475575881834876,0.000491033175117038,0.0716986506748759,-0.0317905748169619,-0.0134328000982935,-0.00655286576949611
3.4765625,0.000526670661801991,0.000668846287132791,0.000455819088356501,0.000496675011821105,0.000512039820950858,0.0632813874703675,-0.0315355452923614,-0.0133508563401744,-0.00651208606794313
3.515625,0.000547579111749297,0.000671487265783031,0.000477236394012822,0.000517766292350881,0.000533040919808613,0.0551506623438644,-0.0313090571358031,-0.0132694797124731,-0.00647084867871302
3.5546875,0.000567873743787458,0.000674145081438376,0.000498005874552502,0.000538246521033171,0.000553430000419386,0.0473006373577394,-0.0310977053520893,-0.0131868719298595,-0.00642881027230146
3.59375,0.000586775882930651,0.000676028322060769,0.000517380926726177,0.000557338244103387,0.000572427848232933,0.0397256433381402,-0.0308872150331465,-0.0131024894352074,-0.00638621100510009
3.6328125,0.000603677545821995,0.000676516645705412,0.000534775482945948,0.00057443191781103,0.000589425021959359,0.0324201795630628,-0.0306678316217835,-0.0130170267489247,-0.00634369979301035
3.671875,0.00061838054497755,0.000675399883864179,0.000549996125838081,0.00058932584565117,0.000604221541695481,0.0253789133615109,-0.0304374319749396,-0.012932045711983,-0.0063020744294395
3.7109375,0.00063115097815284,0.00067293252969726,0.00056329688350989,0.000602281972652996,0.000617081954159714,0.0185966796083633,-0.0302013882095534,-0.012849394674152,-0.00626202527027703
3.75,0.000642589079799147,0.000669703588128638,0.000575255780112849,0.000613897071745976,0.000628605586440641,0.0120684801186898,-0.0299695859764503,-0.012770614334849,-0.00622395617638424
3.7890625,0.000653386655552093,0.000666394008786395,0.000586542052833282,0.000624861129227383,0.000639484120551235,0.00578948295861979,-0.0297520703363173,-0.0126965144689897,-0.00618792217134735
3.828125,0.000664079809118156,0.000663529411201911,0.000597677588743337,0.000635710380229917,0.000650254199261096,-0.000244978305667284,-0.0295551690147644,-0.0126270365796715,-0.0061536833218993
3.8671875,0.00067489352595166,0.000661324666701146,0.0006088858827925,0.000646671524787516,0.00066114170289501,-0.00603940540275345,-0.0293795454251867,-0.0125614175193677,-0.00612084132738703
3.90625,0.000685726650184655,0.000659668873470279,0.000620075882714038,0.000657645844983016,0.000672046349379324,-0.0115981361857359,-0.0292207025245637,-0.0124985721730453,-0.00608900726801164
3.9453125,0.00069626426897786,0.000658237738960061,0.00063094888794944,0.000668320564007779,0.000682653749790605,-0.0169253454986466,-0.0290714243388576,-0.0124375498082391,-0.00605794795245363
3.984375,0.00070615567815482,0.000656671543467797,0.000641169422072424,0.000678345975720504,0.000692613182334522,-0.0220250460898589,-0.0289249331017905,-0.0123779062064048,-0.0060276712223083
4.0234375,0.00071517806126572,0.00065473881701194,0.000650523253851354,0.000687498744812932,0.000701701259112041,-0.026901089586494,-0.0287774075921308,-0.0123198723078475,-0.00599843142566961
4.0625,0.000723322377173441,0.000652422224563676,0.000659001131571346,0.000695767974917457,0.000709907972705111,-0.0315571675423799,-0.0286289415365844,-0.0122642738628245,-0.00597065864749668
4.1015625,0.000730777941146839,0.000649903144605537,0.000666785084547025,0.000703340445045211,0.000717421557343045,-0.0359968125662153,-0.0284827778629876,-0.0122122397421078,-0.00594483405101449
4.140625,0.000737836627240174,0.000647465868799382,0.000674156946232233,0.000710505709549027,0.000724533015334761,-0.040223399528413,-0.0283433855731383,-0.0121648024287573,-0.00592134564404428
4.1796875,0.000744767742591352,0.000645372473418279,0.00068137796805537,0.000717531813854404,0.000731511273982754,-0.0442401468369003,-0.0282143502076211,-0.0121225235022386,-0.00590036248870106
4.21875,0.000751719752196709,0.00064376454113631,0.000688593642164869,0.000724567537192236,0.000738505076667945,-0.04805011776571,-0.0280969949604752,-0.0120852630989239,-0.00588176067793045
4.2578125,0.000758686110157124,0.000642628989215682,0.000695799908181562,0.000731608262811629,0.000745508816569247,-0.0516562218165231,-0.0279902135439616,-0.0120521625682805,-0.00586512223459576
4.296875,0.000765540351778061,0.000641833158520172,0.000702876138316889,0.00073853062754011,0.000752397459275485,-0.0550612160924904,-0.0278914079916004,-0.0120218414442892,-0.00584981054946513
4.3359375,0.000772115452183286,0.000641204169057743,0.000709661201362495,0.000745171098915555,0.000759005595562501,-0.0582677066651578,-0.0277979550725833,-0.0119927452775856,-0.00583510650697413
4.375,0.000778286800101635,0.00064061189074756,0.000716033610005796,0.000751408065134973,0.000765210046397834,-0.0612781499185399,-0.0277084643345528,-0.0119635390256318,-0.00582037262758236
4.4140625,0.000784021891560168,0.000640018634171848,0.000721960097866616,0.000757210797406015,0.000770979219348182,-0.064094853858267,-0.0276232751196972,-0.011933432567825,-0.00580520319130177
4.453125,0.000789379073577652,0.000639477891423984,0.000727495275795689,0.000762637811851821,0.000776371637235625,-0.0667199793780506,-0.0275440503705659,-0.0119023506369781,-0.00578951994929343
4.4921875,0.000794462231080138,0.000639089020283345,0.000732738614333641,0.000767791609716917,0.000781490592952038,-0.069155541479563,-0.0274727548995798,-0.011870909100168,-0.00577358641187452
4.53125,0.000799356945438122,0.000638933400118391,0.000737773063201702,0.000772755281178561,0.000786420469738991,-0.0714034104448474,-0.0274105600356243,-0.0118402167702738,-0.0057579358579428
4.5703125,0.00080407896547623,0.000639022900367367,0.000742614973621954,0.000777541663853681,0.000791175523263875,-0.0734653129619498,-0.02735719765576,-0.0118115694057068,-0.00574323288145653
4.609375,0.000808557083720341,0.000639282754360138,0.000747196818866514,0.000782076943973257,0.00079568313010943,-0.0753428332043993,-0.0273110294852925,-0.0117861270503003,-0.00573010770891313
4.6484375,0.000812655194054546,0.000639573614657089,0.000751387690119984,0.000786223280352496,0.000799806173717495,-0.0770374138629579,-0.0272697422417132,-0.0117646619712132,-0.00571901008117027
4.6875,0.000816221017048783,0.000639740276177001,0.000755039886004328,0.000789827806107573,0.000803391965089589,-0.0785503571247205,-0.0272312982657286,-0.0117474356400528,-0.00571012229429852
4.7265625,0.000819139248983331,0.000639664823160673,0.000758040370745519,0.00079277572952922,0.000806325409775551,-0.0798828255903927,-0.0271946881103969,-0.0117342201645078,-0.00570335120386369
4.765625,0.000821367955701663,0.000639303021129575,0.000760346635955126,0.000795026417391368,0.000808565255427742,-0.0810358431173893,-0.0271601673623675,-0.0117244365094291,-0.00569839334144627
4.8046875,0.000822946893114203,0.000638692635693487,0.000761995750998025,0.000796621272012805,0.000810152165564034,-0.0820102955747593,-0.0271289317844817,-0.0117173518698409,-0.00569484473724796
4.84375,0.000823979413276035,0.000637935337158576,0.000763087763534883,0.000797665210308397,0.000811190368258557,-0.0828069314973148,-0.0271024521398396,-0.0117122697374786,-0.00569231548125078
4.8828125,0.000824599433202002,0.000637163668118954,0.000763754126540396,0.000798293341821549,0.000811814439467884,-0.0834263626302169,-0.0270818251556673,-0.0117086593261266,-0.00569051228304813
4.921875,0.000824937750545611,0.000636507358165245,0.000764124751210692,0.000798637185073793,0.000812155551240785,-0.0838690643608668,-0.0270674453880141,-0.0117061997824131,-0.00568926850189762
4.9609375,0.000825097884359312,0.000636069163921812,0.000764303624711115,0.000798800580577043,0.000812317358670685,-0.0841353760407329,-0.0270591044830679,-0.0117047480269544,-0.00568852358690339
