kph,case_id,case_label,J,raw_relative_l2,raw_relative_l2_pct,raw_relative_linf,low_output_relative_l2_pct,resolved_output_relative_l2_pct,norm_ratio,fft_ifft_count,pointwise_product_count,matlab_release
1,single_s30,"One system, 30 deg spreading",1,0.405686069540603,40.5686069540603,0.408347354537829,0.00231175000851322,40.5686068881942,0.596722498726804,15,8,2022b
1,single_s30,"One system, 30 deg spreading",2,0.139299078265031,13.9299078265031,0.153256822205568,0.00129706006092568,13.9299077661163,0.864136536220705,25,15,2022b
1,single_s30,"One system, 30 deg spreading",3,0.0488054322248023,4.88054322248023,0.0583576163222672,0.00111531068661569,4.8805430950438,0.954766488020244,35,22,2022b
1,single_s30,"One system, 30 deg spreading",4,0.0183217095544408,1.83217095544408,0.0229266617496743,0.00108695853960933,1.83217063301811,0.984572290318225,45,29,2022b
1,single_s30,"One system, 30 deg spreading",5,0.00747692479854358,0.747692479854358,0.00932037213848839,0.00108259626911538,0.747691696099454,0.994543105512349,55,36,2022b
1,single_s30,"One system, 30 deg spreading",6,0.00331163363952011,0.331163363952011,0.00392468538043867,0.00108191893586913,0.331161596619276,0.997986856768912,65,43,2022b
1,single_s30,"One system, 30 deg spreading",7,0.00157975617915156,0.157975617915156,0.00171395750932526,0.00108181195312498,0.15797191376499,0.999223255543662,75,50,2022b
1,single_s30,"One system, 30 deg spreading",8,0.000804735480196906,0.0804735480196906,0.000778135521560042,0.00108179470027124,0.0804662764834059,0.999686268857776,85,57,2022b
1,single_s30,"One system, 30 deg spreading",9,0.000434084370347025,0.0434084370347025,0.000368681324932778,0.00108179185315355,0.0433949551466779,0.999867315365358,95,64,2022b
1,single_s30,"One system, 30 deg spreading",10,0.000245793540355762,0.0245793540355762,0.000182551425009481,0.00108179137155931,0.02455553648843,0.999941357800876,105,71,2022b
1,single_s30,"One system, 30 deg spreading",11,0.000145135181947139,0.0145135181947139,9.52784165698541e-05,0.00108179128793138,0.0144731454078803,0.999972871650606,115,78,2022b
1,single_s30,"One system, 30 deg spreading",12,8.88596085567791e-05,0.00888596085567791,5.23981110218816e-05,0.00108179127300404,0.00881986553017065,0.999986873910388,125,85,2022b
1,balanced_spreading_a090_s30,"Two equal systems, 90 deg crossing, 30 deg spreading",1,0.456801517920681,45.6801517920681,0.467223606630639,0.289338398504451,45.679235447165,0.550030001892388,15,8,2022b
1,balanced_spreading_a090_s30,"Two equal systems, 90 deg crossing, 30 deg spreading",2,0.160027754880607,16.0027754880607,0.17783270045043,0.175725876379641,16.001810639351,0.844191946164476,25,15,2022b
1,balanced_spreading_a090_s30,"Two equal systems, 90 deg crossing, 30 deg spreading",3,0.0558355566243154,5.58355566243154,0.0674321570392396,0.152958589782121,5.58146015889061,0.947595264543493,35,22,2022b
1,balanced_spreading_a090_s30,"Two equal systems, 90 deg crossing, 30 deg spreading",4,0.0204784666098259,2.04784666098259,0.0262549754234315,0.149021644391233,2.04241731690673,0.982094858834635,45,29,2022b
1,balanced_spreading_a090_s30,"Two equal systems, 90 deg crossing, 30 deg spreading",5,0.00812605854177573,0.812605854177573,0.0106045807304122,0.148341622784543,0.798951210771541,0.993697435606496,55,36,2022b
1,balanced_spreading_a090_s30,"Two equal systems, 90 deg crossing, 30 deg spreading",6,0.00367935763247875,0.367935763247875,0.00449395939137383,0.148219989492094,0.336760390473345,0.997699334114395,65,43,2022b
1,balanced_spreading_a090_s30,"Two equal systems, 90 deg crossing, 30 deg spreading",7,0.00213215200484964,0.213215200484964,0.00203760976533588,0.148197063033417,0.153291722627521,0.999125984872188,75,50,2022b
1,balanced_spreading_a090_s30,"Two equal systems, 90 deg crossing, 30 deg spreading",8,0.00166163265601999,0.166163265601999,0.0010198509881107,0.148192463463086,0.075161323885774,0.999653948650653,85,57,2022b
1,balanced_spreading_a090_s30,"Two equal systems, 90 deg crossing, 30 deg spreading",9,0.00153344136331955,0.153344136331955,0.000584792230346256,0.148191477142345,0.0394171314248372,0.999857243752496,95,64,2022b
1,balanced_spreading_a090_s30,"Two equal systems, 90 deg crossing, 30 deg spreading",10,0.00149797298608704,0.149797298608704,0.00039221495199126,0.148191251337475,0.0218765558874869,0.999938823043709,105,71,2022b
1,balanced_spreading_a090_s30,"Two equal systems, 90 deg crossing, 30 deg spreading",11,0.00148735519825243,0.148735519825243,0.000303838549434279,0.148191196440478,0.0127131489106701,0.999972942342978,115,78,2022b
1,balanced_spreading_a090_s30,"Two equal systems, 90 deg crossing, 30 deg spreading",12,0.00148389278935774,0.148389278935774,0.000261743679403568,0.14819118237305,0.00766495727034757,0.999987785751858,125,85,2022b
1,crossing_a120_s30,"Two equal systems, 120 deg crossing, 30 deg spreading",1,0.469219848573592,46.9219848573592,0.502297151677569,0.906367844258008,46.9132301199261,0.551436253201976,15,8,2022b
1,crossing_a120_s30,"Two equal systems, 120 deg crossing, 30 deg spreading",2,0.165671940758887,16.5671940758887,0.192174452072001,0.558735537770536,16.5577696006133,0.842563720927738,25,15,2022b
1,crossing_a120_s30,"Two equal systems, 120 deg crossing, 30 deg spreading",3,0.0584956801438527,5.84956801438527,0.0731286668438847,0.487076407049978,5.8292540284855,0.946727711525653,35,22,2022b
1,crossing_a120_s30,"Two equal systems, 120 deg crossing, 30 deg spreading",4,0.0221150053608123,2.21150053608123,0.0287422183090561,0.474386040740566,2.16002141318971,0.981743149685682,45,29,2022b
1,crossing_a120_s30,"Two equal systems, 120 deg crossing, 30 deg spreading",5,0.0097955874948458,0.97955874948458,0.0118936429757234,0.472135113640162,0.858267894168124,0.993575205070972,55,36,2022b
1,crossing_a120_s30,"Two equal systems, 120 deg crossing, 30 deg spreading",6,0.00598446514690836,0.598446514690836,0.00532351283987779,0.471719162954989,0.368265206402469,0.997666942218796,65,43,2022b
1,crossing_a120_s30,"Two equal systems, 120 deg crossing, 30 deg spreading",7,0.00501589973227363,0.501589973227363,0.00268487604843958,0.471637503306347,0.170735370433844,0.999125646978044,75,50,2022b
1,crossing_a120_s30,"Two equal systems, 120 deg crossing, 30 deg spreading",8,0.00479242004648601,0.479242004648601,0.00159187662976529,0.471620290156543,0.0851304935511821,0.999663756161656,85,57,2022b
1,crossing_a120_s30,"Two equal systems, 120 deg crossing, 30 deg spreading",9,0.0047378377519222,0.47378377519222,0.00112469279657664,0.471616383006698,0.0452664656790481,0.999869473151681,95,64,2022b
1,crossing_a120_s30,"Two equal systems, 120 deg crossing, 30 deg spreading",10,0.00472298182036203,0.472298182036203,0.000917585237833473,0.471615431920562,0.0253861601878613,0.999951106373861,105,71,2022b
1,crossing_a120_s30,"Two equal systems, 120 deg crossing, 30 deg spreading",11,0.00471849463891973,0.471849463891973,0.000822420191430636,0.47161518586343,0.0148671798988431,0.999984704688149,115,78,2022b
1,crossing_a120_s30,"Two equal systems, 120 deg crossing, 30 deg spreading",12,0.00471701259504266,0.471701259504266,0.000776902445167469,0.471615118941387,0.00901431105591738,0.999999048003387,125,85,2022b
2,single_s30,"One system, 30 deg spreading",1,0.392802491452423,39.2802491452423,0.415594653235564,0.000124019409547023,39.2802491450465,0.609124447533315,15,8,2022b
2,single_s30,"One system, 30 deg spreading",2,0.108365644482067,10.8365644482067,0.127356169830578,9.47574571986142e-05,10.8365644477924,0.894760905013725,25,15,2022b
2,single_s30,"One system, 30 deg spreading",3,0.0292037687908128,2.92037687908128,0.0377963143188462,9.17860868445265e-05,2.92037687763888,0.973277626213326,35,22,2022b
2,single_s30,"One system, 30 deg spreading",4,0.00819274233030692,0.819274233030692,0.0113601730432017,9.15344088427363e-05,0.819274227917296,0.993228570488299,45,29,2022b
2,single_s30,"One system, 30 deg spreading",5,0.00241770987704556,0.241770987704556,0.00349144613494237,9.15136868130407e-05,0.241770970384953,0.998255391064594,55,36,2022b
2,single_s30,"One system, 30 deg spreading",6,0.000744498980046763,0.0744498980046763,0.00109856485590548,9.15119774415563e-05,0.0744498417625228,0.999539469980057,65,43,2022b
2,single_s30,"One system, 30 deg spreading",7,0.000236650408526967,0.0236650408526967,0.000353455821374934,9.15118350195541e-05,0.0236648639155997,0.999875106544136,75,50,2022b
2,single_s30,"One system, 30 deg spreading",8,7.70538373217065e-05,0.00770538373217065,0.000116102645082758,9.15118230097307e-05,0.00770484029985369,0.999965203166946,85,57,2022b
2,single_s30,"One system, 30 deg spreading",9,2.56047824457412e-05,0.00256047824457412,3.88933443244753e-05,9.15118219849747e-05,0.00255884239987037,0.999990054884115,95,64,2022b
2,single_s30,"One system, 30 deg spreading",10,8.70579071470131e-06,0.000870579071470131,1.32922215242136e-05,9.1511821896382e-05,0.000865756031532557,0.99999709022045,105,71,2022b
2,single_s30,"One system, 30 deg spreading",11,3.1250333033028e-06,0.00031250333033028,4.6536142370865e-06,9.15118218885505e-05,0.000298804146427311,0.999999129531172,115,78,2022b
2,single_s30,"One system, 30 deg spreading",12,1.39738458845115e-06,0.000139738458845115,1.69084934092519e-06,9.15118218883938e-05,0.000105605034610452,0.99999973297092,125,85,2022b
2,balanced_spreading_a090_s30,"Two equal systems, 90 deg crossing, 30 deg spreading",1,0.503637268340925,50.3637268340925,0.538506910151902,0.0364915467390098,50.3637136139315,0.532060517341836,15,8,2022b
2,balanced_spreading_a090_s30,"Two equal systems, 90 deg crossing, 30 deg spreading",2,0.145223797432119,14.5223797432119,0.168426700803423,0.0276767858625368,14.5223533699458,0.863404611950041,25,15,2022b
2,balanced_spreading_a090_s30,"Two equal systems, 90 deg crossing, 30 deg spreading",3,0.0394768874593577,3.94768874593577,0.0496224465751608,0.0266838114311255,3.94759856229018,0.964114738710115,35,22,2022b
2,balanced_spreading_a090_s30,"Two equal systems, 90 deg crossing, 30 deg spreading",4,0.0109517568061677,1.09517568061677,0.0146875350217369,0.0265876264029645,1.09485289858348,0.990717520375164,45,29,2022b
2,balanced_spreading_a090_s30,"Two equal systems, 90 deg crossing, 30 deg spreading",5,0.00316172540512343,0.316172540512343,0.00443534886668177,0.0265780440297517,0.315053460462795,0.99757875289608,55,36,2022b
2,balanced_spreading_a090_s30,"Two equal systems, 90 deg crossing, 30 deg spreading",6,0.000976090011415619,0.0976090011415619,0.00137563413630129,0.0265770094493458,0.0939211353880628,0.999357568075761,65,43,2022b
2,balanced_spreading_a090_s30,"Two equal systems, 90 deg crossing, 30 deg spreading",7,0.000392125581301771,0.0392125581301771,0.00044300659882122,0.0265768856242965,0.0288321672030664,0.999826085523687,75,50,2022b
2,balanced_spreading_a090_s30,"Two equal systems, 90 deg crossing, 30 deg spreading",8,0.000280805054453594,0.0280805054453594,0.000152657461335556,0.0265768691488863,0.00906558394753662,0.999951962977604,85,57,2022b
2,balanced_spreading_a090_s30,"Two equal systems, 90 deg crossing, 30 deg spreading",9,0.00026735646863879,0.026735646863879,6.043975649605e-05,0.0265768667429474,0.00290946169551336,0.999986491969332,95,64,2022b
2,balanced_spreading_a090_s30,"Two equal systems, 90 deg crossing, 30 deg spreading",10,0.000265938869439306,0.0265938869439306,3.05996878099869e-05,0.0265768663650786,0.00095131330239654,0.999996154396867,105,71,2022b
2,balanced_spreading_a090_s30,"Two equal systems, 90 deg crossing, 30 deg spreading",11,0.000265787563369152,0.0265787563369152,2.07776012227153e-05,0.0265768663025088,0.000316963650410704,0.999998907312512,115,78,2022b
2,balanced_spreading_a090_s30,"Two equal systems, 90 deg crossing, 30 deg spreading",12,0.000265770847218646,0.0265770847218646,1.74910114627626e-05,0.0265768662917551,0.000107751674435262,0.999999703582499,125,85,2022b
2,crossing_a120_s30,"Two equal systems, 120 deg crossing, 30 deg spreading",1,0.506256705506768,50.6256705506768,0.61623419232427,0.14353827411362,50.6254670642112,0.60663921129545,15,8,2022b
2,crossing_a120_s30,"Two equal systems, 120 deg crossing, 30 deg spreading",2,0.145428721828392,14.5428721828392,0.192271177271844,0.108623475977881,14.542466512489,0.877177310865043,25,15,2022b
2,crossing_a120_s30,"Two equal systems, 120 deg crossing, 30 deg spreading",3,0.0393205721260451,3.93205721260451,0.0563601851171845,0.104634932255577,3.93066475982715,0.967031928182207,35,22,2022b
2,crossing_a120_s30,"Two equal systems, 120 deg crossing, 30 deg spreading",4,0.0108881405679368,1.08881405679368,0.0166351185198512,0.104241861519127,1.08381256893364,0.991356192640392,45,29,2022b
2,crossing_a120_s30,"Two equal systems, 120 deg crossing, 30 deg spreading",5,0.00327142625953131,0.327142625953131,0.00503833769814807,0.104201579068447,0.310103738505605,0.99772068343555,55,36,2022b
2,crossing_a120_s30,"Two equal systems, 120 deg crossing, 30 deg spreading",6,0.00139006941081189,0.139006941081189,0.00159238415661115,0.104197018548547,0.09201038525266,0.999389970669134,65,43,2022b
2,crossing_a120_s30,"Two equal systems, 120 deg crossing, 30 deg spreading",7,0.00107935520859871,0.107935520859871,0.0005458115922937,0.10419643191452,0.0281634557463108,0.999833990144318,75,50,2022b
2,crossing_a120_s30,"Two equal systems, 120 deg crossing, 30 deg spreading",8,0.00104571505109107,0.104571505109107,0.00022094411824631,0.104196346045243,0.00884992381910172,0.999954257198543,85,57,2022b
2,crossing_a120_s30,"Two equal systems, 120 deg crossing, 30 deg spreading",9,0.00104235181492407,0.104235181492407,0.000117998740869493,0.104196332023004,0.00284560252090022,0.999987455421945,95,64,2022b
2,crossing_a120_s30,"Two equal systems, 120 deg crossing, 30 deg spreading",10,0.0010420051775245,0.10420051775245,8.47385346490728e-05,0.104196329538732,0.000934243295123885,0.999996787372552,105,71,2022b
2,crossing_a120_s30,"Two equal systems, 120 deg crossing, 30 deg spreading",11,0.00104196798909365,0.104196798909365,7.37967488579176e-05,0.104196329072908,0.000312906837175309,0.999999454271267,115,78,2022b
2,crossing_a120_s30,"Two equal systems, 120 deg crossing, 30 deg spreading",12,0.00104196384227858,0.104196384227858,7.01422820129465e-05,0.1041963289821,0.000107297779679946,1.00000022440128,125,85,2022b
4,single_s30,"One system, 30 deg spreading",1,0.396373716971226,39.6373716971226,0.418810929541198,5.99921734830251e-16,39.6373716971226,0.6058821520723,15,8,2022b
4,single_s30,"One system, 30 deg spreading",2,0.106447991225116,10.6447991225116,0.124013403727943,4.71218604474671e-16,10.6447991225116,0.897088566050035,25,15,2022b
4,single_s30,"One system, 30 deg spreading",3,0.0278428311088875,2.78428311088875,0.0353362891488326,5.30079554263696e-16,2.78428311088875,0.974826606929144,35,22,2022b
4,single_s30,"One system, 30 deg spreading",4,0.0075792518878237,0.75792518878237,0.0101850417498561,5.36281576851316e-16,0.75792518878237,0.993869843388486,45,29,2022b
4,single_s30,"One system, 30 deg spreading",5,0.0021671714302831,0.21671714302831,0.00300252293992611,1.01426842042607e-15,0.21671714302831,0.998483253432167,55,36,2022b
4,single_s30,"One system, 30 deg spreading",6,0.000644990691513005,0.0644990691513005,0.000906528050962229,6.73668763194314e-16,0.0644990691513005,0.999615463294497,65,43,2022b
4,single_s30,"One system, 30 deg spreading",7,0.000197648064447364,0.0197648064447364,0.000279902577676569,8.35312812752951e-16,0.0197648064447364,0.999899812133034,75,50,2022b
4,single_s30,"One system, 30 deg spreading",8,6.19016709760591e-05,0.00619016709760591,8.81936494206081e-05,4.70180727120394e-16,0.00619016709760591,0.999973178712105,85,57,2022b
4,single_s30,"One system, 30 deg spreading",9,1.97339804664377e-05,0.00197339804664377,2.82987089889071e-05,4.35857200554944e-16,0.00197339804664377,0.999992635487829,95,64,2022b
4,single_s30,"One system, 30 deg spreading",10,6.39067302566273e-06,0.000639067302566273,9.22991772476051e-06,9.00719954301493e-16,0.000639067302566273,0.999997931287983,105,71,2022b
4,single_s30,"One system, 30 deg spreading",11,2.10000921211518e-06,0.000210000921211518,3.05488208769093e-06,9.31321948261982e-16,0.000210000921211518,0.999999407155246,115,78,2022b
4,single_s30,"One system, 30 deg spreading",12,7.00026798162032e-07,7.00026798162032e-05,1.02465089863347e-06,7.4735174553463e-16,7.00026798162032e-05,0.999999827114835,125,85,2022b
4,balanced_spreading_a090_s30,"Two equal systems, 90 deg crossing, 30 deg spreading",1,0.515929002085636,51.5929002085636,0.559480376678407,5.32624231651556e-16,51.5929002085636,0.536755121958169,15,8,2022b
4,balanced_spreading_a090_s30,"Two equal systems, 90 deg crossing, 30 deg spreading",2,0.144902384424171,14.4902384424171,0.169390852580092,4.32589769656374e-16,14.4902384424171,0.865937131776648,25,15,2022b
4,balanced_spreading_a090_s30,"Two equal systems, 90 deg crossing, 30 deg spreading",3,0.0380882309185075,3.80882309185075,0.0478668868370666,6.49421009725742e-16,3.80882309185075,0.965783911622337,35,22,2022b
4,balanced_spreading_a090_s30,"Two equal systems, 90 deg crossing, 30 deg spreading",4,0.0102047524842816,1.02047524842816,0.0135563533538598,5.02459666507169e-16,1.02047524842816,0.99144040243333,45,29,2022b
4,balanced_spreading_a090_s30,"Two equal systems, 90 deg crossing, 30 deg spreading",5,0.00283541740814345,0.283541740814345,0.00391041811903079,2.36764298763194e-16,0.283541740814345,0.9978437089519,55,36,2022b
4,balanced_spreading_a090_s30,"Two equal systems, 90 deg crossing, 30 deg spreading",6,0.000815291358849995,0.0815291358849995,0.00115265677228441,2.84456052223401e-16,0.0815291358849995,0.999447569005141,65,43,2022b
4,balanced_spreading_a090_s30,"Two equal systems, 90 deg crossing, 30 deg spreading",7,0.000241058711454027,0.0241058711454027,0.000347019378637446,4.67616193249305e-16,0.0241058711454027,0.999855537546082,75,50,2022b
4,balanced_spreading_a090_s30,"Two equal systems, 90 deg crossing, 30 deg spreading",8,7.28951434537576e-05,0.00728951434537576,0.000106539486951915,7.45842623936691e-16,0.00728951434537577,0.999961412491152,85,57,2022b
4,balanced_spreading_a090_s30,"Two equal systems, 90 deg crossing, 30 deg spreading",9,2.24653082968254e-05,0.00224653082968254,3.32977500999375e-05,4.75231515590899e-16,0.00224653082968254,0.999989480026018,95,64,2022b
4,balanced_spreading_a090_s30,"Two equal systems, 90 deg crossing, 30 deg spreading",10,7.04128697630084e-06,0.000704128697630084,1.05769702789497e-05,7.05069911680505e-16,0.000704128697630084,0.999997077071813,105,71,2022b
4,balanced_spreading_a090_s30,"Two equal systems, 90 deg crossing, 30 deg spreading",11,2.24111806577834e-06,0.000224111806577834,3.4084008311109e-06,2.81200404023314e-16,0.000224111806577834,0.999999173859528,115,78,2022b
4,balanced_spreading_a090_s30,"Two equal systems, 90 deg crossing, 30 deg spreading",12,7.23656307278309e-07,7.23656307278309e-05,1.11238752661943e-06,3.63414206691139e-16,7.23656307278309e-05,0.99999976293049,125,85,2022b
4,crossing_a120_s30,"Two equal systems, 120 deg crossing, 30 deg spreading",1,0.511350740588883,51.1350740588883,0.65258859871489,5.92830223168338e-16,51.1350740588883,0.640455086964265,15,8,2022b
4,crossing_a120_s30,"Two equal systems, 120 deg crossing, 30 deg spreading",2,0.142859329024609,14.2859329024609,0.196848207121281,4.08258671023631e-16,14.2859329024609,0.886030388717361,25,15,2022b
4,crossing_a120_s30,"Two equal systems, 120 deg crossing, 30 deg spreading",3,0.0372538379088131,3.72538379088131,0.0552390314117375,2.38363179692359e-16,3.72538379088131,0.97005225730659,35,22,2022b
4,crossing_a120_s30,"Two equal systems, 120 deg crossing, 30 deg spreading",4,0.00990491640394116,0.990491640394116,0.0155534021461618,3.90514945608209e-16,0.990491640394116,0.992374121147415,45,29,2022b
4,crossing_a120_s30,"Two equal systems, 120 deg crossing, 30 deg spreading",5,0.00273338792741705,0.273338792741705,0.00446569105401429,5.57041085132837e-16,0.273338792741705,0.998051281686683,55,36,2022b
4,crossing_a120_s30,"Two equal systems, 120 deg crossing, 30 deg spreading",6,0.000781913356314096,0.0781913356314096,0.00131150477873919,4.97866620107155e-16,0.0781913356314096,0.999494659894444,65,43,2022b
4,crossing_a120_s30,"Two equal systems, 120 deg crossing, 30 deg spreading",7,0.000230523536275427,0.0230523536275427,0.000393729880752165,1.84829788966665e-16,0.0230523536275427,0.999866500978128,75,50,2022b
4,crossing_a120_s30,"Two equal systems, 120 deg crossing, 30 deg spreading",8,6.96812396322222e-05,0.00696812396322222,0.000120636564191431,2.40695633090625e-16,0.00696812396322222,0.999964042688164,85,57,2022b
4,crossing_a120_s30,"Two equal systems, 120 deg crossing, 30 deg spreading",9,2.15184760880388e-05,0.00215184760880388,3.76563945022564e-05,3.07163488720608e-16,0.00215184760880388,0.999990131791855,95,64,2022b
4,crossing_a120_s30,"Two equal systems, 120 deg crossing, 30 deg spreading",10,6.77319931666778e-06,0.000677319931666778,1.19547994265782e-05,4.47087847619302e-16,0.000677319931666778,0.99999724406253,105,71,2022b
4,crossing_a120_s30,"Two equal systems, 120 deg crossing, 30 deg spreading",11,2.16870189920021e-06,0.000216870189920021,3.85202957759592e-06,3.00103114518424e-16,0.000216870189920021,0.999999218203062,115,78,2022b
4,crossing_a120_s30,"Two equal systems, 120 deg crossing, 30 deg spreading",12,7.05326457331256e-07,7.05326457331256e-05,1.25672845178252e-06,2.89964677141567e-16,7.05326457331256e-05,0.99999977522943,125,85,2022b
