x_over_lambda_p,mf12_phi_s33_scaled,pure_gl6_phi_s33_scaled,pure_gl8_phi_s33_scaled,pure_gl10_phi_s33_scaled,pure_gl6_difference_pct_of_mf12_peak,pure_gl8_difference_pct_of_mf12_peak,pure_gl10_difference_pct_of_mf12_peak
-4,0,-3.14703044270498e-14,-5.31553490215677e-14,-6.35693708037347e-17,-4.84262618871189e-12,-8.17950413662701e-12,-9.78200578159967e-15
-3.984375,-4.06011962368309e-07,-3.77758114463539e-07,-3.88768208624064e-07,-3.95978625304431e-07,4.34768033822762e-06,2.65345553511097e-06,1.54392217394455e-06
-3.96875,-8.06927151224933e-07,-7.55147378481315e-07,-7.75759759843001e-07,-7.89044035314478e-07,7.96783151923575e-06,4.79601416280685e-06,2.75184009244291e-06
-3.953125,-1.19891973017748e-06,-1.13197609709666e-06,-1.15970132868934e-06,-1.1770520658936e-06,1.03012346600017e-05,6.03489739243347e-06,3.36497932495594e-06
-3.9375,-1.58035884138685e-06,-1.50834106851702e-06,-1.54017883767301e-06,-1.55917844979914e-06,1.10820393797133e-05,6.1828680017448e-06,3.25922233220151e-06
-3.921875,-1.95217900283969e-06,-1.88465005174345e-06,-1.91776673401278e-06,-1.9361275398209e-06,1.03913029450656e-05,5.29533340297017e-06,2.46998675726578e-06
-3.90625,-2.31767664934348e-06,-2.26157338366363e-06,-2.29393368501128e-06,-2.30999562846513e-06,8.63312727982203e-06,3.65354905095681e-06,1.18194957242138e-06
-3.890625,-2.68184699925072e-06,-2.639952989164e-06,-2.67077857772954e-06,-2.68386587149886e-06,6.44661798129063e-06,1.7032001724174e-06,-3.10662505448135e-07
-3.875,-3.05042815260432e-06,-3.02068756790197e-06,-3.05066297077778e-06,-3.06123816443307e-06,4.57645825069852e-06,-3.61336395411596e-08,-1.66343628812232e-06
-3.859375,-3.4288200135172e-06,-3.40460717883343e-06,-3.43580037611879e-06,-3.44539310012845e-06,3.72585233849144e-06,-1.07413281684447e-06,-2.55025379361934e-06
-3.84375,-3.82103213321936e-06,-3.79234743735101e-06,-3.82785249193112e-06,-3.83877544466238e-06,4.41397889077651e-06,-1.04951154160474e-06,-2.73032708875184e-06
-3.828125,-4.2288095320688e-06,-4.1842236002882e-06,-4.22757465322826e-06,-4.2424720985943e-06,6.86084881667917e-06,1.90022204167991e-07,-2.10238520617976e-06
-3.8125,-4.65109723508559e-06,-4.58010302537236e-06,-4.63456012163638e-06,-4.65586649023953e-06,1.09245342701135e-05,2.5447182711716e-06,-7.33889307065477e-07
-3.796875,-5.08401371367728e-06,-4.97930379589876e-06,-5.04715859922612e-06,-5.0765739148265e-06,1.61126814399771e-05,5.6712366047457e-06,1.14483051274806e-06
-3.78125,-5.52145539500658e-06,-5.38059000830874e-06,-5.46265615529404e-06,-5.5007585976132e-06,2.16762571295506e-05,9.04798168598433e-06,3.1848072303195e-06
-3.765625,-5.95630153538701e-06,-5.78233387487592e-06,-5.87775345642161e-06,-5.92385074498654e-06,2.67700095095305e-05,1.20869178483034e-05,4.99350261456739e-06
-3.75,-6.38196643787024e-06,-6.18284398672335e-06,-6.28926422788753e-06,-6.34152891512989e-06,3.06408093038854e-05,1.4264944619598e-05,6.22249483105575e-06
-3.734375,-6.79388021663277e-06,-6.58076524547582e-06,-6.69484452398883e-06,-6.75070040401332e-06,3.27939674979498e-05,1.52395360498186e-05,6.64447628396361e-06
-3.71875,-7.19048807117205e-06,-6.97541658335887e-06,-7.09353795914247e-06,-7.15019791896044e-06,3.30950347729757e-05,1.49186085123939e-05,6.1998175676829e-06
-3.703125,-7.57354159624642e-06,-7.36697265415038e-06,-7.48599962491779e-06,-7.5410256033367e-06,3.17866695915713e-05,1.34708910728906e-05,5.00353592643519e-06
-3.6875,-7.9476969818862e-06,-7.75646997709121e-06,-7.87438277534079e-06,-7.92614988831249e-06,2.94258641048663e-05,1.1281533594453e-05,3.31565015116186e-06
-3.671875,-8.31960520217869e-06,-8.14566995882367e-06,-8.26196388653468e-06,-8.30994777114145e-06,2.67650211825405e-05,8.86980122281801e-06,1.48607804430375e-06
-3.65625,-8.69673060926141e-06,-8.53682466339928e-06,-8.65261282409936e-06,-8.69746252906319e-06,2.46062036977665e-05,6.78881077585294e-06,-1.12627254952894e-07
-3.640625,-9.08610159084174e-06,-8.93238165460806e-06,-9.05019974589786e-06,-9.0935963020168e-06,2.36543053041611e-05,5.52454822772069e-06,-1.15328037888321e-06
-3.625,-9.49314387288263e-06,-9.33464816446601e-06,-9.45800031186558e-06,-9.5023304991649e-06,2.43891974466262e-05,5.4078640815269e-06,-1.41363097149472e-06
-3.609375,-9.92072407382745e-06,-9.74542719312743e-06,-9.87814740280117e-06,-9.92604572560852e-06,2.69745488876733e-05,6.55166532049169e-06,-8.18891674275506e-07
-3.59375,-1.03685537400601e-05,-1.01656594287829e-05,-1.03112009961871e-05,-1.0365034765839e-05,3.12212202334708e-05,8.82539602111497e-06,5.41497040795077e-07
-3.578125,-1.08331350271702e-05,-1.05951575659015e-05,-1.07559531350935e-05,-1.08173460309882e-05,3.66197883129483e-05,1.1876690062895e-05,2.42959856271675e-06
-3.5625,-1.13083879482812e-05,-1.1032558949764e-05,-1.12095942261309e-05,-1.1279093120119e-05,4.24443536897391e-05,1.52023018167722e-05,4.5078655778852e-06
-3.546875,-1.17869296889888e-05,-1.14755839776704e-05,-1.16682847258828e-05,-1.17452568162935e-05,4.79096380801966e-05,1.82569954741855e-05,6.41258952994631e-06
-3.53125,-1.22617270934633e-05,-1.19215624079127e-05,-1.21280177575187e-05,-1.22108126713863e-05,5.23442796221088e-05,2.05750895553373e-05,7.83467202564524e-06
-3.515625,-1.27276599154982e-05,-1.23680560484395e-05,-1.25855185657482e-05,-1.2671857250836e-05,5.53355658893447e-05,2.1872601340538e-05,8.58687102692592e-06
-3.5,-1.31825443314955e-05,-1.28133641255774e-05,-1.30389043547928e-05,-1.3126393852924e-05,5.6809165531823e-05,2.21032089009144e-05,8.64039236321102e-06
-3.484375,-1.36273726837529e-05,-1.32567723389325e-05,-1.3487936579056e-05,-1.35745828008102e-05,5.70276954114931e-05,2.14563203168989e-05,8.12326649810417e-06
-3.46875,-1.40657987985815e-05,-1.36985307897349e-05,-1.39338591905555e-05,-1.40184628727621e-05,5.65149181203284e-05,2.03027651872925e-05,7.2840157797326e-06
-3.453125,-1.45030951419071e-05,-1.41396324196299e-05,-1.43789351005295e-05,-1.44612950463056e-05,5.59293635560524e-05,1.91056514677273e-05,6.43216649269539e-06
-3.4375,-1.49448711832499e-05,-1.45814806522803e-05,-1.48258286326545e-05,-1.49067234482195e-05,5.59182548132771e-05,1.83181759306086e-05,5.87014406315337e-06
-3.421875,-1.53958093862168e-05,-1.5025511586472e-05,-1.52769584343004e-05,-1.53579220971855e-05,5.69811400084569e-05,1.82886928735565e-05,5.83006683356192e-06
-3.40625,-1.58586189037352e-05,-1.54728163792619e-05,-1.57339134832837e-05,-1.58168560762698e-05,5.93669950990235e-05,1.91895739792552e-05,6.42643170062716e-06
-3.390625,-1.63333739806248e-05,-1.59238155779465e-05,-1.61970185390545e-05,-1.62837690054458e-05,6.30225313267752e-05,2.09822702494758e-05,7.63317534627056e-06
-3.375,-1.68173881407225e-05,-1.63780619121734e-05,-1.66651504623118e-05,-1.67570127173086e-05,6.76031814274837e-05,2.34262166128386e-05,9.2905236190676e-06
-3.359375,-1.73057266138721e-05,-1.6834260920391e-05,-1.7135903055408e-05,-1.72333195734325e-05,7.2548777518922e-05,2.61323182807096e-05,1.11419395733176e-05
-3.34375,-1.77923282719308e-05,-1.72905619218024e-05,-1.76061300025495e-05,-1.77085337234034e-05,7.72114192088194e-05,2.86520461754192e-05,1.28942405406455e-05
-3.328125,-1.82715054433504e-05,-1.77450735389518e-05,-1.80727611272873e-05,-1.81786605540328e-05,8.10069356883225e-05,3.05826221686482e-05,1.42869000056796e-05
-3.3125,-1.87394104640732e-05,-1.81964414631426e-05,-1.85336513905038e-05,-1.86409362361756e-05,8.35516513562907e-05,3.16620476469148e-05,1.51531382874015e-05
-3.296875,-1.91950233046058e-05,-1.86442711583755e-05,-1.8988177149476e-05,-1.90945699812135e-05,8.47493157559494e-05,3.18293269195411e-05,1.54576799766947e-05
-3.28125,-1.96403708089972e-05,-1.90892347558899e-05,-1.94373826459615e-05,-1.95409219515343e-05,8.48083910502834e-05,3.12356620697354e-05,1.53031135336986e-05
-3.265625,-2.00799568840545e-05,-1.95328391861237e-05,-1.98836535315086e-05,-1.99830920723776e-05,8.41900496529636e-05,3.0207008584046e-05,1.49054825598664e-05
-3.25,-2.05196217390877e-05,-1.9976963569577e-05,-2.03300536859006e-05,-2.04250880322442e-05,8.350382085697e-05,2.91705859101132e-05,1.45467739448619e-05
-3.234375,-2.09651585870949e-05,-2.042332752804e-05,-2.07795335541973e-05,-2.08708272889615e-05,8.33765457375461e-05,2.85638369871508e-05,1.45156274485591e-05
-3.21875,-2.14209997540795e-05,-2.08730265768208e-05,-2.12342005555541e-05,-2.13232081905622e-05,8.43216901525672e-05,2.87445166889497e-05,1.504809041875e-05
-3.203125,-2.18892090181426e-05,-2.13262158612955e-05,-2.16947838177092e-05,-2.17834186883536e-05,8.66329530345946e-05,2.99179999846116e-05,1.62789344073881e-05
-3.1875,-2.23689455401458e-05,-2.17819850040601e-05,-2.21603754285591e-05,-2.22505917034176e-05,9.03210348783862e-05,3.20946080103378e-05,1.82121971715566e-05
-3.171875,-2.28565094975038e-05,-2.22384510479185e-05,-2.2628501286998e-05,-2.27218753447982e-05,9.5106357838214e-05,3.50857276896203e-05,2.0717399645702e-05
-3.15625,-2.33460094762194e-05,-2.26930781516959e-05,-2.30955426981119e-05,-2.31929390933418e-05,0.000100472568954554,3.85416347616572e-05,2.35543525343873e-05
-3.140625,-2.38305719553869e-05,-2.31431870997936e-05,-2.35574637277178e-05,-2.36588550544842e-05,0.000105774251759676,4.20256835687473e-05,2.64236643558225e-05
-3.125,-2.43038502617105e-05,-2.35865476388096e-05,-2.4010697790721e-05,-2.41151780362896e-05,0.000110377974733082,4.51100762812739e-05,2.90327366239317e-05
-3.109375,-2.4761450579805e-05,-2.40218874055918e-05,-2.44529561203004e-05,-2.45589467842083e-05,0.000113803411211154,4.74708896487661e-05,3.11611279815629e-05
-3.09375,-2.52018689058637e-05,-2.44491492951692e-05,-2.4883708205783e-05,-2.4989311606963e-05,0.00011582791351625,4.89583232981205e-05,3.27081533209968e-05
-3.078125,-2.56266721217239e-05,-2.48694059573558e-05,-2.53041828665634e-05,-2.54075995524503e-05,0.000116527533691173,4.9624398017446e-05,3.37107181041665e-05
-3.0625,-2.60399082692684e-05,-2.52844673316274e-05,-2.57169097724998e-05,-2.58168211412781e-05,0.000116246669209241,4.97027597235977e-05,3.43284753051842e-05
-3.046875,-2.6446973415723e-05,-2.56963291806295e-05,-2.61249769366615e-05,-2.62208070888429e-05,0.000115508556318403,4.95485700111588e-05,3.48023000569689e-05
-3.03125,-2.68532873308894e-05,-2.61066500031224e-05,-2.65312464474851e-05,-2.66232523729621e-05,0.000114891976507434,4.95554029172139e-05,3.53976020206786e-05
-3.015625,-2.72631136959912e-05,-2.6516401511477e-05,-2.6937737074965e-05,-2.70269186894825e-05,0.000114903495405997,5.00687036513643e-05,3.63455055483611e-05
-3,-2.76787577906135e-05,-2.6925753955926e-05,-2.73452926227454e-05,-2.74331516941895e-05,0.000115871649685215,5.13133630049503e-05,3.77936768107011e-05
-2.984375,-2.81002579335895e-05,-2.73341834740344e-05,-2.77535645486166e-05,-2.78417696462742e-05,0.000117882947365338,5.33489108570619e-05,3.97759784157901e-05
-2.96875,-2.85255920744372e-05,-2.77407485023834e-05,-2.81612750005007e-05,-2.82513072365596e-05,0.000120771123929869,5.60608305308721e-05,4.22067394407122e-05
-2.953125,-2.89513410270396e-05,-2.81444653700783e-05,-2.85666876019029e-05,-2.86595463085547e-05,0.000124161404173653,5.91901725788021e-05,4.49011463723886e-05
-2.9375,-2.93736670895099e-05,-2.8544698517458e-05,-2.89681811637932e-05,-2.90642160598593e-05,0.000127561044919133,6.23958617108803e-05,4.76180859255219e-05
-2.921875,-2.97893853177063e-05,-2.89414660150703e-05,-2.9364791861287e-05,-2.94636990287442e-05,0.000130477168734674,6.53361138078109e-05,5.01163551146526e-05
-2.90625,-3.01968584651405e-05,-2.93355667510685e-05,-2.97565803456405e-05,-2.98575601055187e-05,0.000132534905099314,6.77496576733148e-05,5.2210970055931e-05
-2.890625,-3.05964767664792e-05,-2.9728481337236e-05,-3.01447167693501e-05,-3.0246752716185e-05,0.000133566467622803,6.95164801529378e-05,5.38152673007419e-05
-2.875,-3.09906015143863e-05,-3.0122076024137e-05,-3.05312620039613e-05,-3.06334521182639e-05,0.000133648033001868,7.06828098167983e-05,5.49578737934988e-05
-2.859375,-3.13830167874551e-05,-3.05182103717114e-05,-3.09187246503983e-05,-3.10205845530706e-05,0.000133075744683523,7.1444916185551e-05,5.57707928733985e-05
-2.84375,-3.1778074251103e-05,-3.0918376762821e-05,-3.1309540813142e-05,-3.14112081811714e-05,0.000132289586863538,7.20975642995935e-05,5.64530680698852e-05
-2.828125,-3.21797747469741e-05,-3.13234732029482e-05,-3.17056272588351e-05,-3.1807922036072e-05,0.00013176702157892,7.29614500138167e-05,5.72204085388558e-05
-2.8125,-3.25910023173072e-05,-3.17337520877488e-05,-3.21081087916731e-05,-3.22124386081018e-05,0.000131913004577433,7.43072835223366e-05,5.82530917851059e-05
-2.796875,-3.30130509050095e-05,-3.21489287704345e-05,-3.25172530891731e-05,-3.26253885629912e-05,0.000132970448024697,7.62929857523726e-05,5.96531823893559e-05
-2.78125,-3.34455060494258e-05,-3.25683953568181e-05,-3.29325916558207e-05,-3.3046364941492e-05,0.000134969117323515,7.89268715463796e-05,6.14195260408825e-05
-2.765625,-3.38864818742437e-05,-3.29914715157184e-05,-3.3353174149286e-05,-3.34741712634881e-05,0.000137723504118314,8.20649816562536e-05,6.34460389843855e-05
-2.75,-3.43331604602561e-05,-3.34176301861467e-05,-3.37778904668031e-05,-3.39072099307445e-05,0.000140881092912139,8.54445186043364e-05,6.55449391692427e-05
-2.734375,-3.47825268475821e-05,-3.38466538447774e-05,-3.42057935632202e-05,-3.43439289053823e-05,0.000144011416324108,8.87472732660366e-05,6.74911132853965e-05
-2.71875,-3.52321449857805e-05,-3.42786989984418e-05,-3.4636362653909e-05,-3.47832362668657e-05,0.000146715533639383,9.16785260142817e-05,6.9077727659009e-05
-2.703125,-3.56807991005871e-05,-3.47142691048743e-05,-3.50696613718883e-05,-3.52247991100937e-05,0.00014872889076317,9.40414026425253e-05,7.01689270637485e-05
-2.6875,-3.612884991748e-05,-3.51541185150539e-05,-3.55063690796099e-05,-3.56691695129591e-05,0.000149990916906764,9.57868715388017e-05,7.07352663375296e-05
-2.671875,-3.65782250424595e-05,-3.55991278449021e-05,-3.59476920716873e-05,-3.61177221139157e-05,0.00015066272209653,9.70259275434067e-05,7.08618357002047e-05
-2.65625,-3.70320537416577e-05,-3.60501934925698e-05,-3.63951850705497e-05,-3.65724307581745e-05,0.000151087898336358,9.80008602276849e-05,7.07264304325156e-05
-2.640625,-3.74940362601762e-05,-3.65081544105626e-05,-3.68505230402392e-05,-3.70355389085544e-05,0.000151706739125509,9.90233182800379e-05,7.05532190692814e-05
-2.625,-3.79676864646888e-05,-3.69737495905267e-05,-3.73152601640158e-05,-3.7509185094091e-05,0.000152946240094409,0.000100394856273701,7.05538375062109e-05
-2.609375,-3.84556032905115e-05,-3.74475842621864e-05,-3.77906079202939e-05,-3.79950414475429e-05,0.000155113191122849,0.000102328975007301,7.08709014064829e-05
-2.59375,-3.89589197400559e-05,-3.7930093021438e-05,-3.82772649884777e-05,-3.8494023300794e-05,0.000158315062467057,0.000104892507770446,7.15379057430853e-05
-2.578125,-3.94770516936901e-05,-3.84215086650677e-05,-3.8775332349331e-05,-3.90061293971576e-05,0.000162426147658273,0.000107980031842273,7.24651600153078e-05
-2.5625,-4.00078196946358e-05,-3.89218523630385e-05,-3.92843364394412e-05,-3.95304613067531e-05,0.000167107815949771,0.000111329045666584,7.34555407915056e-05
-2.546875,-4.05479453967671e-05,-3.94309502344058e-05,-3.98033613750592e-05,-4.0065438334904e-05,0.000171882354632253,0.000114576015353692,7.42478147751309e-05
-2.53125,-4.10938410588548e-05,-3.99484721462151e-05,-4.03312700681595e-05,-4.06091792118211e-05,0.00017624848545533,0.000117343836277574,7.45793914563262e-05
-2.515625,-4.16425339604105e-05,-4.04739941843858e-05,-4.08669824913947e-05,-4.11599816587063e-05,0.000179814000053489,0.000119341262276507,7.42547762470246e-05
-2.5,-4.21925183893917e-05,-4.10070953398581e-05,-4.14097726890207e-05,-4.17168058540066e-05,0.000182411985167833,0.000120448305052307,7.32022782777457e-05
-2.484375,-4.27443237644717e-05,-4.1547490106129e-05,-4.19595350832643e-05,-4.22796581322913e-05,0.000184167840856359,0.00012076267736873,7.15023893272778e-05
-2.46875,-4.33006390083844e-05,-4.20951706999308e-05,-4.25169580713463e-05,-4.28497783446051e-05,0.000185496534160052,0.000120592218549777,6.93780914302424e-05
-2.453125,-4.38659364587266e-05,-4.26505106867256e-05,-4.30835462535915e-05,-4.3429567139338e-05,0.000187028780975775,0.000120393601719418,6.71481745249781e-05
-2.4375,-4.44456693541432e-05,-4.3214291306714e-05,-4.36614667075512e-05,-4.40222531951925e-05,0.000189483504823039,0.000120672498813816,6.51549521807523e-05
-2.421875,-4.50452338213792e-05,-4.37876493956451e-05,-4.42532519448121e-05,-4.46313784092275e-05,0.00019351612211737,0.000121869560726343,6.36837518325101e-05
-2.40625,-4.56689440582264e-05,-4.43719786242796e-05,-4.48614398599578e-05,-4.52602315209301e-05,0.000199576041307243,0.000124258123625548,6.28923702137576e-05
-2.390625,-4.63192418044703e-05,-4.49688100280966e-05,-4.54882328243354e-05,-4.59113519896003e-05,0.000207803400869383,0.000127875021342242,6.27657703209295e-05
-2.375,-4.69962635408311e-05,-4.55796524980988e-05,-4.61352081559839e-05,-4.65861608017265e-05,0.000217987015367332,0.00013249853894036,6.31062933964942e-05
-2.359375,-4.76977794188351e-05,-4.62057313961934e-05,-4.68030524312555e-05,-4.7284706480105e-05,0.000229595199690848,0.000137679899215587,6.35633454255124e-05
-2.34375,-4.84194615918817e-05,-4.68475819926188e-05,-4.74912868273634e-05,-4.80055055206082e-05,0.000241879621169141,0.000142826817350218,6.36992411805879e-05
-2.328125,-4.91554526160985e-05,-4.75045557132138e-05,-4.81980270932146e-05,-4.87455195091032e-05,0.000254038742945907,0.000147327901501753,6.30801905382524e-05
-2.3125,-4.98992338079737e-05,-4.81744312022519e-05,-4.89199295180165e-05,-4.95003872250328e-05,0.000265411295533819,0.000150694589315395,6.13742047619914e-05
-2.296875,-5.06447644511958e-05,-4.88533903971092e-05,-4.96525152676128e-05,-5.02650340454719e-05,0.000275655258696587,0.000152686539568932,5.84326221460991e-05
-2.28125,-5.13877589781348e-05,-4.95365509961375e-05,-5.03909786181768e-05,-5.10346784760481e-05,0.000284862457405001,0.000153383793497002,5.4331755515494e-05
-2.265625,-5.21268601780017e-05,-5.02190622529466e-05,-5.11314066608145e-05,-5.18060980271931e-05,0.00029357047422461,0.000153179619954118,4.93586325309935e-05
-2.25,-5.28644470904415e-05,-5.08975733359163e-05,-5.18721755623716e-05,-5.25788994871835e-05,0.000302661017329304,0.000152689977921364,4.39398450964008e-05
-2.234375,-5.36069125256035e-05,-5.15717697363892e-05,-5.26152237787939e-05,-5.33565202909341e-05,0.000313166203767206,0.000152600299990211,3.85301640748633e-05
-2.21875,-5.43643796126623e-05,-5.22456533180491e-05,-5.33669243156422e-05,-5.41467414689167e-05,0.000326027969153913,0.000153487652291892,3.34899898095439e-05
-2.203125,-5.51498846213521e-05,-5.29282453554562e-05,-5.41383069684812e-05,-5.49615382701695e-05,0.000341864137852157,0.000155660789525054,2.89825913473262e-05
-2.1875,-5.59779995775155e-05,-5.36333696331959e-05,-5.49443736544459e-05,-5.58160907276375e-05,0.000360789848649856,0.00015905356034897,2.49144090239357e-05
-2.171875,-5.68628136737839e-05,-5.43781929773318e-05,-5.58022802801559e-05,-5.67267971819554e-05,0.000382331517686639,0.000163194061178892,2.09301129244555e-05
-2.15625,-5.78153269899272e-05,-5.51804248115036e-05,-5.67283831567924e-05,-5.77083357789168e-05,0.000405456716299206,0.000167258079253696,1.64637250841376e-05
-2.140625,-5.8840717765639e-05,-5.60545905685587e-05,-5.77346393326412e-05,-5.87702803273855e-05,0.000428727105609635,0.000170202496732143,1.08388587070328e-05
-2.125,-5.99364419294863e-05,-5.70084306535105e-05,-5.88254353242582e-05,-5.99143279673767e-05,0.000450560118309395,0.000170960840076424,3.40287944454227e-06
-2.109375,-6.10923054862883e-05,-5.8040839412112e-05,-5.99962039656728e-05,-6.11334392042964e-05,0.000469557247500621,0.00016866725714471,-6.3296248222504e-06
-2.09375,-6.22931847524301e-05,-5.91424819288129e-05,-6.12348262802732e-05,-6.24137776329296e-05,0.000484827722015376,0.0001628593859393,-1.85567395013036e-05
-2.078125,-6.35240267019689e-05,-6.02992958884289e-05,-6.25258197955269e-05,-6.37393023679191e-05,0.00049621909204578,0.000153603309370417,-3.31264535473207e-05
-2.0625,-6.47756570042466e-05,-6.14979168517707e-05,-6.38561377988639e-05,-6.50976960638707e-05,0.000504376128262965,0.000141494906581913,-4.95551222753176e-05
-2.046875,-6.60493753090199e-05,-6.27312416289569e-05,-6.52206488219461e-05,-6.64856255856414e-05,0.00051059185315375,0.000127523793069292,-6.712985631573e-05
-2.03125,-6.73585960035489e-05,-6.40022223248613e-05,-6.66253697791555e-05,-6.79114446344558e-05,0.000516476194667676,0.000112828286257252,-8.50719212020781e-05
-2.015625,-6.87266571103045e-05,-6.53244960799919e-05,-6.80871698418333e-05,-6.93941867468976e-05,0.000523521917043993,9.84038079715866e-05,-0.000102718945963822
-2,-7.01808798145295e-05,-6.67192589585576e-05,-6.9629551182131e-05,-7.09586291663426e-05,0.000532671549186285,8.48380250031729e-05,-0.000119679470787283
-1.984375,-7.17437058051759e-05,-6.82085972576661e-05,-7.12749450096166e-05,-7.26270278850499e-05,0.000543979778517664,7.21325499115842e-05,-0.000135924920808478
-1.96875,-7.34223421871748e-05,-6.98062700382706e-05,-7.30347341936865e-05,-7.44088534137318e-05,0.000556438395095519,5.96448192794432e-05,-0.000151803587164452
-1.953125,-7.51990525534481e-05,-7.15078240837804e-05,-7.48990802985065e-05,-7.62906739179835e-05,0.000568003391806001,4.61594993793054e-05,-0.000167977854180299
-1.9375,-7.7025018856086e-05,-7.32828536860483e-05,-7.68295210872267e-05,-7.8229174308177e-05,0.000575841491998214,3.00830459872912e-05,-0.000185294512834885
-1.921875,-7.88209749460289e-05,-7.50726708819745e-05,-7.87576615720149e-05,-8.01506063003421e-05,0.000576786140277788,9.74261319291071e-06,-0.000204602647955173
-1.90625,-8.04867059722551e-05,-7.67958391828224e-05,-8.05923030780859e-05,-8.19589172072256e-05,0.00056794773673021,-1.62492012536352e-05,-0.000226542730093717
-1.890625,-8.19186595003055e-05,-7.83615774605692e-05,-8.22347017542156e-05,-8.35520630857869e-05,0.000547361042564873,-4.8632338434228e-05,-0.000251346884747297
-1.875,-8.30312055065257e-05,-7.96876778079097e-05,-8.35981153422078e-05,-8.48423976997075e-05,0.000514499465155614,-8.7235648554854e-05,-0.000278704858665241
-1.859375,-8.3774480135834e-05,-8.07170137597298e-05,-8.46251926397811e-05,-8.57744084114344e-05,0.0004704805693364,-0.00013090698439949,-0.000307747421554772
-1.84375,-8.41420792109651e-05,-8.14266023247796e-05,-8.52968042519127e-05,-8.63332142571635e-05,0.000417855490224641,-0.00017768819926787,-0.000337170172036995
-1.828125,-8.4165386853796e-05,-8.18258709994238e-05,-8.5628926461605e-05,-8.65404597810378e-05,0.00036000289643057,-0.000225208346789962,-0.000365474391397237
-1.8125,-8.38963532772332e-05,-8.19449454315096e-05,-8.56587261548158e-05,-8.6438997804201e-05,0.000300281135203645,-0.000271192580009532,-0.000391260180003088
-1.796875,-8.3384598303185e-05,-8.1817347500116e-05,-8.54248270168513e-05,-8.60717190724161e-05,0.000241167345578585,-0.000313948821901782,-0.000413492072803886
-1.78125,-8.26562328988433e-05,-8.14630817327706e-05,-8.49483728887199e-05,-8.54615116309685e-05,0.000183601181784223,-0.000352712734918105,-0.000431674129060825
-1.765625,-8.17008818140439e-05,-8.08776630007372e-05,-8.42209405703045e-05,-8.45986520926525e-05,0.000126676276475189,-0.000387784699015194,-0.00044590665694352
-1.75,-8.04712428420651e-05,-8.00310553335992e-05,-8.32035552047448e-05,-8.34399904949213e-05,6.77357145172307e-05,-0.000420446120371209,-0.000456828600585173
-1.734375,-7.88970543189767e-05,-7.88784373787466e-05,-8.18388027899267e-05,-8.19219201083176e-05,2.86476041314315e-06,-0.000452673987283728,-0.000465464016172976
-1.71875,-7.69124675038644e-05,-7.73821182761869e-05,-8.00752483458022e-05,-7.99862467252894e-05,-7.22694988499353e-05,-0.000486686278165117,-0.000472990777400823
-1.703125,-7.44919350805806e-05,-7.55404096512705e-05,-7.78996047306388e-05,-7.76141960174843e-05,-0.00016133845879982,-0.00052436957920454,-0.000480451106410202
-1.6875,-7.16850997878348e-05,-7.34152120622134e-05,-7.53677397695825e-05,-7.48592896987313e-05,-0.000266228343254161,-0.000566681801904654,-0.000488441896902651
-1.671875,-6.86379029436257e-05,-7.11474180000014e-05,-7.26226926396007e-05,-7.18667671954886e-05,-0.000386162242603738,-0.000613176367040527,-0.000496855142348949
-1.65625,-6.5588444428512e-05,-6.8950706591723e-05,-6.98893362794066e-05,-6.88686789418162e-05,-0.000517382310127443,-0.000661817922995939,-0.000504759958584644
-1.640625,-6.2833808826514e-05,-6.70812681772419e-05,-6.74426767879032e-05,-6.61513300518326e-05,-0.000653595771054714,-0.000709209049498569,-0.000510497609089752
-1.625,-6.06759791394297e-05,-6.57913354829675e-05,-6.55578447807189e-05,-6.40032185668093e-05,-0.000787147091355029,-0.000751217722061811,-0.000511993038532356
-1.609375,-5.93651103557597e-05,-6.52827826735598e-05,-6.44589847515555e-05,-6.26612115245512e-05,-0.000910606855069455,-0.000783841465794245,-0.0005072015073014
-1.59375,-5.90606296615893e-05,-6.56782014188755e-05,-6.42858381073099e-05,-6.22745578536346e-05,-0.00101830684135262,-0.000804051048167676,-0.000494556792976578
-1.578125,-5.98230610905529e-05,-6.70195185340849e-05,-6.50893818127996e-05,-6.28988403681796e-05,-0.00110738532456153,-0.000810377373591206,-0.000473298544507568
-1.5625,-6.16363107762579e-05,-6.92923400519854e-05,-6.68554674245484e-05,-6.45192061197943e-05,-0.00117810388387333,-0.000803119802243717,-0.000443617713399855
-1.546875,-6.44484825982775e-05,-7.24640923125945e-05,-6.95445982502368e-05,-6.70909848161988e-05,-0.00123343584460788,-0.000784186348565182,-0.000406626204519207
-1.53125,-6.82140778360987e-05,-7.65198883306916e-05,-7.31312777823558e-05,-7.05808088828985e-05,-0.00127809171699723,-0.000756654937675463,-0.000364190749264539
-1.515625,-7.2921836140621e-05,-8.14818422781525e-05,-7.76278302592296e-05,-7.49927178167079e-05,-0.001317207146605,-0.000724154747709082,-0.000318665676132521
-1.5,-7.85974822029505e-05,-8.74026111858535e-05,-8.30824865902223e-05,-8.03686218726203e-05,-0.0013549264611162,-0.000690149018184309,-0.000272541607218685
-1.484375,-8.52767530682296e-05,-9.43302050667753e-05,-8.95476960619429e-05,-8.67586409536276e-05,-0.00139313821536215,-0.000657209415936693,-0.000228031765602974
-1.46875,-9.2951400231658e-05,-0.000102248734004516,-9.70222657984331e-05,-9.41644114054722e-05,-0.00143066655481533,-0.000626421655694121,-0.000186657224467904
-1.453125,-0.000101500671871998,-0.0001110095683231,-0.000105381039882148,-0.000102468592180318,-0.00146322165667622,-0.000597108038511307,-0.000148942830995577
-1.4375,-0.000110631913750574,-0.000120277593622311,-0.000114316766475934,-0.000111375016394726,-0.00148426978401437,-0.00056702229718612,-0.000114348062117189
-1.421875,-0.000119860477868252,-0.000129521843483801,-0.000123324433903229,-0.000120390093496528,-0.00148668349418191,-0.000533030884731645,-8.149684466465e-05
-1.40625,-0.000128552854150591,-0.000138071347354151,-0.000131750788625291,-0.000128869039311276,-0.00146469839754766,-0.000492095692079137,-4.86543288187259e-05
-1.390625,-0.000136034279749592,-0.000145233304427621,-0.000138908201864164,-0.000136127179086437,-0.00141553882707733,-0.000442236919843256,-1.42952783493552e-05
-1.375,-0.000141730647479951,-0.000150440155915611,-0.000144220777810925,-0.000141585001410893,-0.00134021244500841,-0.000383179336000152,2.2411904846267e-05
-1.359375,-0.000145291885455659,-0.000153371914166495,-0.00014734907117779,-0.000144893463663332,-0.00124334859013965,-0.000316558153294371,6.13088383097781e-05
-1.34375,-0.000146646586007595,-0.000154005205108138,-0.00014824369563811,-0.000145989339283671,-0.00113233863535233,-0.0002457619989315,0.000101136619288105
-1.328125,-0.000145967665371336,-0.000152571615947297,-0.000147108746583074,-0.000145060774761379,-0.00101621082446915,-0.000175588697345391,0.000139551628051687
-1.3125,-0.000143570508982222,-0.000149449081327113,-0.00014429735046121,-0.000142444753840368,-0.000904590181375388,-0.000111845806555509,0.000173230333524708
-1.296875,-0.000139795466092472,-0.000145039100729989,-0.000140191314532865,-0.000138508155633068,-0.000806886456358803,-6.09128528976418e-05,0.000198090341266365
-1.28125,-0.000134931720776161,-0.000139686703584205,-0.000135121516948017,-0.000133569014463198,-0.000731693089480131,-2.92056886350157e-05,0.000209692197098899
-1.265625,-0.000129222069177975,-0.000133682366883486,-0.000129368336764204,-0.000127897330462355,-0.000686347173038231,-2.2507543429471e-05,0.000203849772484181
-1.25,-0.000122960612324542,-0.000127357880246404,-0.000123254572648236,-0.000121807920064242,-0.00067664819851213,-4.52343880328309e-05,0.00017737539654854
-1.234375,-0.000116667759960137,-0.000121260714189522,-0.000117316333177893,-0.000115830873653518,-0.000706760256683678,-9.98019468443394e-05,0.000128779419811565
-1.21875,-0.000111300287241203,-0.000116364453568566,-0.000112510817051207,-0.000110918770142726,-0.000779270011122057,-0.000186275394117447,5.87075570498244e-05
-1.203125,-0.000108426598651561,-0.00011424469342419,-0.000110391721758926,-0.000108621753590339,-0.00089528393917042,-0.000302391629093611,-3.00302915586132e-05
-1.1875,-0.000110275696218998,-0.000117128067585144,-0.000113160535904406,-0.000111139014856862,-0.00105443762418635,-0.00044391690722838,-0.000132846806570146
-1.171875,-0.000119572922515377,-0.000127727554713285,-0.000123506148509393,-0.000121159029343096,-0.00125482851722794,-0.000605241784327215,-0.000244068896118098
-1.15625,-0.000139128548040474,-0.000148831535382013,-0.000144198462735399,-0.000141453709781454,-0.00149308821329629,-0.0007801545654918,-0.000357794096525471
-1.140625,-0.00017124675319701,-0.000182715971089157,-0.000177503567951657,-0.000174293380336306,-0.00176487440905765,-0.000962793831848889,-0.000468812635930954
-1.125,-0.00021713283684785,-0.000230557996604787,-0.00022459808176892,-0.000220859957679841,-0.0020658532356206,-0.00114874613443053,-0.000573526480855362
-1.109375,-0.000276527443880836,-0.000292077768868024,-0.000285210274736371,-0.000280886429409087,-0.00239287202322741,-0.00133610731954111,-0.000670757333290234
-1.09375,-0.000347735191508554,-0.000365572386559938,-0.0003576531554512,-0.000352688723349401,-0.00274477382604381,-0.00152616864697611,-0.000762245661611306
-1.078125,-0.00042805033761796,-0.000448341269661635,-0.000439249646992849,-0.000433590884115478,-0.00312235298313842,-0.00172334109446067,-0.000852575024523639
-1.0625,-0.000514393267177519,-0.000537315102803649,-0.00052696171231134,-0.000520555738194218,-0.00352719439857198,-0.00193402264974954,-0.000948276290171269
-1.046875,-0.000603861185968751,-0.000629591475279181,-0.000617926154474325,-0.000610723766570598,-0.00395935708682642,-0.00216430651271237,-0.00105600861350704
-1.03125,-0.000693922171472669,-0.0007226070400896,-0.000709627394113622,-0.000701590398943966,-0.00441400547319507,-0.00241670755479758,-0.00117998093280556
-1.015625,-0.000782122515469753,-0.000813818345750484,-0.000799580716097092,-0.000790694944579854,-0.00487732993324669,-0.00268645445619103,-0.00131911878404864
-1,-0.000865360256333158,-0.000899949346589457,-0.000884584888302002,-0.000874879157700585,-0.0053225425482347,-0.00295827154950081,-0.00146476120548883
-0.984375,-0.000938937381856618,-0.000976026033641468,-0.000959763714141486,-0.000949333269927223,-0.00570717314964873,-0.00320473995958015,-0.00159971124341452
-0.96875,-0.000995716320761839,-0.00103453172360797,-0.00101772752733377,-0.00100675851159032,-0.00597288427202146,-0.00338706750160221,-0.00169916381364237
-0.953125,-0.00102577450020345,-0.00106508002198434,-0.00104824931217465,-0.00103703974132296,-0.00604830339593083,-0.00345840674310515,-0.00173348662050411
-0.9375,-0.00101695233087649,-0.00105499628633661,-0.00103884622234071,-0.00102781977780157,-0.00585417454287536,-0.00336901514325073,-0.00167227435647464
-0.921875,-0.000956558949865046,-0.000991061128523428,-0.000976522423673636,-0.000966233880456128,-0.0053091686585366,-0.00307196396232019,-0.00148877086216148
-0.90625,-0.00083417104846565,-0.000862340622590317,-0.000850600043451522,-0.000841733812221933,-0.00433471235390148,-0.00252808108536807,-0.0011637522576279
-0.890625,-0.00064496362390039,-0.000663538954291847,-0.000656071927590406,-0.000649435936340486,-0.00285835752323784,-0.00170933720981738,-0.000688195991135543
-0.875,-0.000392540842835557,-0.000397848167048703,-0.000396443457157782,-0.000392958740362534,-0.000816686959166299,-0.00060053128386659,-6.43057493463406e-05
-0.859375,-9.00949269344024e-05,-7.81313673848355e-05,-8.48914380718294e-05,-8.55752146801387e-05,0.00184094332227527,0.000800708855453828,0.000695489838005075
-0.84375,0.000240859349584444,0.000274315972651707,0.000257016010006275,0.000251075696253669,0.00514827937006319,0.00248617445256209,0.00157208355095607
-0.828125,0.000574002050278158,0.000633275755054987,0.000602874541404486,0.000590549166588331,0.00912099200437123,0.00444287668032627,0.00254625750370653
-0.8125,0.000882767407665132,0.000972208653670108,0.000926070302095105,0.000906214480214893,0.0137631499961733,0.00666341601809778,0.00360801745154092
-0.796875,0.00114412331169539,0.00126814029805294,0.00120364973653436,0.00117510154095952,0.0190836382715131,0.00915988037274293,0.00476690604192116
-0.78125,0.00133991840192604,0.00150315717360205,0.00141775325424677,0.00137929912927311,0.0251190563651469,0.0119771670819581,0.00605987597048786
-0.765625,0.00145504836961953,0.00166270443003981,0.00155382466803028,0.00150413097968256,0.0319539545213821,0.0151996206651491,0.00755279420485226
-0.75,0.0014729426979908,0.00173111642789099,0.00159606355940092,0.00153359445252195,0.0397275745631959,0.0189457432553121,0.00933304523839995
-0.734375,0.00137000535078775,0.00168596536885655,0.00152174357606266,0.00144469738269818,0.0486196840463569,0.0233493611492778,0.0114935522996284
-0.71875,0.00111136400839225,0.00149357318042584,0.00129676852448472,0.00120306799936816,0.0588140527952716,0.0285299040311526,0.0141113394482334
-0.703125,0.000650490442167381,0.00110827009146098,0.000875062371663826,0.000762429459754885,0.0704427795882092,0.0345569554164938,0.0172250897465738
-0.6875,-6.51260570394925e-05,0.000477615078852,0.000204009069120017,7.01474362049776e-05,0.0835165876597075,0.0414143057708102,0.0208157808750382
-0.671875,-0.00108121762447354,-0.00044534319866207,-0.000762993518250875,-0.000920094559891948,0.0978478665277855,0.0489680801863714,0.0247934929881916
-0.65625,-0.00241792256381144,-0.00168371883311563,-0.00204786221096645,-0.0022295067161262,0.112978704173623,0.0569446018625344,0.0289932854155883
-0.640625,-0.00404869532405789,-0.00321599014713093,-0.00362676060981361,-0.00383304661224861,0.128136030797225,0.0649269886111988,0.0331838575565851
-0.625,-0.00588319335050325,-0.00495880767036267,-0.00541281293126771,-0.00564214187274561,0.1422437559667,0.0723817763545174,0.0370928156009033
-0.609375,-0.00776109841701583,-0.00676021054788345,-0.00724951286347267,-0.00749823657666557,0.154015853842787,0.0787223906618886,0.0404489773857744
-0.59375,-0.00946154493477008,-0.0084079462714375,-0.00891955077813438,-0.0091818840798445,0.162126950226155,0.0834016430675803,0.0430339968003662
-0.578125,-0.0107276410400846,-0.00965267955866557,-0.010168730676459,-0.0104369881095254,0.165414244207368,0.0860046959606006,0.0447254489264476
-0.5625,-0.0112993522811372,-0.0102398944757197,-0.0107385287361014,-0.0110036139503785,0.163028550494106,0.0862990948413757,0.0455079863894588
-0.546875,-0.0109437208348447,-0.00994001825924349,-0.0103965225003237,-0.0106484594642615,0.154448978704713,0.0842024579493331,0.0454345921252761
-0.53125,-0.00947142060466488,-0.00856605788812759,-0.00895377482985697,-0.00918199278383692,0.13931651698985,0.0796549328390421,0.0445369299852907
-0.515625,-0.00673341529703788,-0.00597235018150849,-0.00626277233314482,-0.00645589077615102,0.117112113367731,0.0724221765240529,0.0427052593651188
-0.5,-0.002599206661703,-0.00203530511629127,-0.00219702817588818,-0.0023420326382221,0.0867727351667679,0.0618869154080804,0.0395737405099445
-0.484375,0.00307402259438239,0.00337540452481732,0.00337880281872645,0.00329789643428239,0.0463764191576834,0.0468993460051,0.0344495339274632
-0.46875,0.0104665763182369,0.0104212652387902,0.0106339049379068,0.0106375899278675,-0.00697243398061561,0.0257483990220899,0.0263154424369354
-0.453125,0.0197990637048063,0.0192989839397918,0.0197749993865866,0.0198895434347615,-0.0769518887914754,-0.00370299873947381,0.0139229511059943
-0.4375,0.0312985874477071,0.0302103269698823,0.0310146149678871,0.0312724646519162,-0.167460683523756,-0.0436974663158232,-0.00401975568150292
-0.421875,0.0451213125743233,0.0432907580156649,0.0444968892626842,0.0449356171045212,-0.28168432454074,-0.096085777905171,-0.0285746757637326
-0.40625,0.0612371601569699,0.0585019439577363,0.0601862653105111,0.0608456173401885,-0.420892960501919,-0.161710888969647,-0.0602503068549287
-0.390625,0.0792992893100046,0.07550914242723,0.0777408835689255,0.07865787966246,-0.583224880971067,-0.239806274257137,-0.0986996221816694
-0.375,0.0985371838861951,0.0935796932454559,0.0964081440553252,0.0976108151205166,-0.762854838687316,-0.327615008163675,-0.142548911640772
-0.359375,0.11771895950225,0.111545391700708,0.114986608697402,0.116487656594511,-0.949983854869821,-0.420452035822314,-0.189471942385304
-0.34375,0.135217455138241,0.127861602977133,0.131888003395616,0.13368010406396,-1.13191286084469,-0.512333467897092,-0.236566398358622
-0.328125,0.149183690740552,0.140767590661452,0.145303521645291,0.147357794856454,-1.29506299325286,-0.597077429641723,-0.280967451290297
-0.3125,0.157789370018273,0.148513793808534,0.153438426431672,0.155706618275586,-1.42731851777284,-0.66951984550781,-0.320492232831803
-0.296875,0.159465644057137,0.149589435507747,0.154745550251425,0.157164966091265,-1.51974335924582,-0.726324396692776,-0.354026552083372
-0.28125,0.153056979895241,0.142875126411822,0.148079608360415,0.150578395531964,-1.56677576611076,-0.765914095345619,-0.381402651390258
-0.265625,0.137834477198336,0.127667607567321,0.132718000726571,0.135217673233863,-1.56447006245205,-0.787319455823165,-0.402671777086186
-0.25,0.113364046013207,0.103570358402205,0.108242420775488,0.110654915799719,-1.50704510085189,-0.788111743959841,-0.416878869121823
-0.234375,0.0792821655852022,0.0702969146139952,0.0743307662434735,0.0765487616768473,-1.38264349384291,-0.761917514290597,-0.420614086578376
-0.21875,0.0350766083023968,0.0274756117405821,0.030552180971285,0.0324335444941807,-1.16963549227425,-0.696215390396201,-0.406712621600903
-0.203125,-0.0200081972753854,-0.0254347777835726,-0.0237204496298503,-0.0223706822592927,-0.835038025927494,-0.571238530993908,-0.363537368379398
-0.1875,-0.0868232045503095,-0.0890116851999995,-0.0891687272616011,-0.0886127004638632,-0.336761715548216,-0.360927226943379,-0.275366251879012
-0.171875,-0.165834740037119,-0.163439237498237,-0.166074946369425,-0.166643822575692,0.368618084289804,-0.0369627652701251,-0.124500997414975
-0.15625,-0.256290104684691,-0.247767570535609,-0.253539318231229,-0.255612029299234,1.31144098590485,0.42328889922132,0.104341717670589
-0.140625,-0.355128123458314,-0.338956379444376,-0.348467071604698,-0.352416466750297,2.48849550408959,1.02499752506251,0.417267644152538
-0.125,-0.455908934137605,-0.430952249023793,-0.444587111687515,-0.450690154840123,3.84031546932551,1.74219331204258,0.803061735792074
-0.109375,-0.548218924133289,-0.514204755315269,-0.531929244945495,-0.54025042463005,5.23407408044741,2.50664327774091,1.22618656163842
-0.09375,-0.618092756207985,-0.576093889956198,-0.597260292307352,-0.607534286932756,6.46275316715069,3.20568348788795,1.6247291138685
-0.078125,-0.649860286561178,-0.602614763558485,-0.625847656133232,-0.637402162064849,7.27010466398843,3.69504506191821,1.91704659508484
-0.0625,-0.629405564764762,-0.581291187229794,-0.604524429753726,-0.616287546748803,7.4038033297236,3.82868987774244,2.01859050125606
-0.046875,-0.548199111904638,-0.504742262720405,-0.525451140422887,-0.536072138705727,6.68710645701871,3.50044031804498,1.86608928868111
-0.03125,-0.406887679936079,-0.373828457796303,-0.389441394291561,-0.397519042795254,5.0871276216482,2.68462098781827,1.44163866211919
-0.015625,-0.21703237528217,-0.19914491206262,-0.207548528609276,-0.211918380173104,2.75250905301578,1.45936701611346,0.786937625643832
0,0,3.37948121924708e-12,3.04247912966566e-12,-9.60712405162172e-12,5.20031965198251e-10,4.68174343406233e-10,-1.47833684413293e-09
0.015625,0.21703237528217,0.199144912067556,0.207548528614231,0.211918380155042,-2.75250905225622,-1.459367015351,-0.786937628423189
0.03125,0.406887679936079,0.373828457796295,0.389441394293506,0.397519042780371,-5.08712762164934,-2.68462098751902,-1.44163866440938
0.046875,0.548199111904638,0.504742262713749,0.525451140420941,0.536072138695323,-6.68710645804295,-3.50044031834453,-1.86608929028204
0.0625,0.629405564764762,0.581291187216661,0.604524429748257,0.61628754674327,-7.40380333174462,-3.828689878584,-2.01859050210739
0.078125,0.649860286561178,0.602614763540832,0.625847656125663,0.637402162063772,-7.270104666705,-3.69504506308296,-1.91704659525044
0.09375,0.618092756207985,0.576093889937184,0.597260292299611,0.607534286935191,-6.4627531700765,-3.2056834890792,-1.62472911349395
0.109375,0.548218924133288,0.514204755298381,0.531929244939353,0.540250424634822,-5.23407408304609,-2.50664327868603,-1.22618656090411
0.125,0.455908934137605,0.43095224901194,0.444587111684062,0.450690154846058,-3.84031547114935,-1.74219331257391,-0.803061734878865
0.140625,0.355128123458314,0.338956379439223,0.348467071604127,0.352416466756348,-2.4884955048824,-1.02499752515034,-0.417267643221467
0.15625,0.256290104684691,0.247767570537295,0.253539318232945,0.255612029304555,-1.3114409856454,-0.423288898957389,-0.104341716851751
0.171875,0.165834740037119,0.163439237505514,0.166074946372361,0.166643822579697,-0.368618083170048,0.0369627657219335,0.124500998031285
0.1875,0.0868232045503095,0.0890116852107085,0.0891687272646004,0.0886127004662755,0.336761717196111,0.360927227404904,0.275366252250198
0.203125,0.0200081972753854,0.0254347777952834,0.0237204496319711,0.0223706822601685,0.835038027729545,0.571238531320269,0.363537368514162
0.21875,-0.0350766083023968,-0.027475611729962,-0.0305521809705773,-0.0324335444944846,1.16963549390847,0.696215390505101,0.40671262155413
0.234375,-0.0792821655852022,-0.0702969146057955,-0.0743307662442291,-0.0765487616777697,1.38264349510467,0.76191751417433,0.420614086436437
0.25,-0.113364046013207,-0.103570358396834,-0.108242420777284,-0.110654915800632,1.50704510167836,0.788111743683373,0.416878868981399
0.265625,-0.137834477198336,-0.127667607564367,-0.132718000728608,-0.135217673234211,1.56447006290661,0.787319455509848,0.402671777032602
0.28125,-0.153056979895241,-0.142875126410336,-0.148079608361689,-0.150578395531376,1.56677576633948,0.765914095149666,0.381402651480723
0.296875,-0.159465644057137,-0.149589435506593,-0.154745550250991,-0.157164966089606,1.51974335942346,0.726324396759545,0.35402655233859
0.3125,-0.157789370018273,-0.148513793806701,-0.153438426428932,-0.155706618272956,1.42731851805486,0.669519845929423,0.320492233236562
0.328125,-0.149183690740552,-0.140767590658261,-0.145303521640218,-0.147357794853128,1.29506299374388,0.597077430422245,0.280967451802079
0.34375,-0.135217455138241,-0.12786160297232,-0.131888003388821,-0.133680104060299,1.13191286158526,0.512333468942643,0.236566398921997
0.359375,-0.11771895950225,-0.111545391694419,-0.114986608689988,-0.116487656590848,0.949983855837542,0.420452036963234,0.189471942949077
0.375,-0.0985371838861952,-0.09357969323818,-0.096408144048576,-0.0976108151170554,0.762854839806939,0.327615009202245,0.142548912173383
0.390625,-0.0792992893100046,-0.075509142419693,-0.0777408835639504,-0.0786578796592232,0.583224882130855,0.239806275022704,0.0986996226797456
0.40625,-0.0612371601569699,-0.0585019439507584,-0.0601862653079693,-0.060845617337026,0.42089296157567,0.161710889360777,0.0602503073415672
0.421875,-0.0451213125743233,-0.043290758009991,-0.044496889262677,-0.0449356171011901,0.281684325413853,0.0960857779062815,0.0285746762763218
0.4375,-0.0312985874477071,-0.0302103269660199,-0.0310146149700168,-0.0312724646481984,0.167460684118097,0.043697465988112,0.00401975625359891
0.453125,-0.0197990637048063,-0.0192989839379081,-0.0197749993901216,-0.0198895434305749,0.0769518890813438,0.00370299819551254,-0.0139229504617632
0.46875,-0.0104665763182369,-0.0104212652387047,-0.0106339049419772,-0.0106375899233291,0.00697243399378125,-0.0257483996484429,-0.0263154417385794
0.484375,-0.00307402259438238,-0.00337540452609523,-0.00337880282249743,-0.00329789642970437,-0.046376419354328,-0.0468993465853774,-0.0344495332230012
0.5,0.002599206661703,0.00203530511418196,0.00219702817308327,0.0023420326423985,-0.0867727354913464,-0.0618869158396973,-0.0395737398672835
0.515625,0.00673341529703789,0.00597235017903535,0.00626277233170896,0.00645589077945769,-0.117112113748299,-0.0724221767450049,-0.0427052588562939
0.53125,0.00947142060466486,0.00856605788558232,0.00895377482987201,0.00918199278588769,-0.139316517381512,-0.079654932836725,-0.0445369296697175
0.546875,0.0109437208348448,0.00994001825671507,0.0103965225015444,0.0106484594648397,-0.154448979093788,-0.0842024577614935,-0.0454345920363113
0.5625,0.0112993522811372,0.0102398944731518,0.0107385287380172,0.0110036139494833,-0.163028550889251,-0.0862990945465738,-0.0455079865272012
0.578125,0.0107276410400846,0.00965267955596602,0.0101687306784249,0.0104369881073692,-0.165414244622769,-0.0860046956580724,-0.0447254492582434
0.59375,0.00946154493477006,0.00840794626858662,0.00891955077954382,0.00918188407680299,-0.162126950664842,-0.0834016428506922,-0.0430339972683868
0.609375,0.00776109841701584,0.00676021054499267,0.00724951286391823,0.00749823657319766,-0.15401585428762,-0.0787223905933287,-0.0404489779194152
0.625,0.00588319335050327,0.00495880766766142,0.00541281293063586,0.00564214186930294,-0.14224375638237,-0.07238177645175,-0.0370928161306619
0.640625,0.00404869532405792,0.00321599014489585,0.00362676060828275,0.00383304660919867,-0.12813603114116,-0.0649269888467699,-0.0331838580259117
0.65625,0.00241792256381143,0.00168371883157818,0.0020478622089169,0.00222950671370556,-0.112978704410202,-0.0569446021779171,-0.028993285788072
0.671875,0.00108121762447352,0.000445343197934244,0.000762993516130209,0.000920094558196814,-0.0978478666397811,-0.0489680805126962,-0.0247934932490359
0.6875,6.51260570395055e-05,-0.000477615078809897,-0.000204009070923303,-7.01474371961559e-05,-0.0835165876532306,-0.0414143060483005,-0.0208157810275619
0.703125,-0.000650490442167392,-0.00110827009082451,-0.000875062372900316,-0.000762429460142103,-0.070442779490269,-0.0345569556067622,-0.0172250898061568
0.71875,-0.00111136400839226,-0.00149357317945381,-0.00129676852506867,-0.00120306799929191,-0.0588140526456931,-0.0285299041210064,-0.0141113394364976
0.734375,-0.00137000535078776,-0.00168596536782137,-0.00152174357605486,-0.00144469738231485,-0.0486196838870638,-0.0233493611480767,-0.0114935522406404
0.75,-0.0014729426979908,-0.00173111642701553,-0.00159606355896993,-0.00153359445199289,-0.0397275744284802,-0.0189457431889931,-0.00933304515698956
0.765625,-0.00145504836961952,-0.00166270442945689,-0.00155382466740439,-0.00150413097916774,-0.0319539544316831,-0.0151996205688386,-0.00755279412563379
0.78125,-0.00133991840192605,-0.0015031571733429,-0.00141775325366061,-0.00137929912891978,-0.025119056325267,-0.0119771669917599,-0.00605987591611658
0.796875,-0.00114412331169537,-0.00126814029806024,-0.00120364973617422,-0.00117510154088247,-0.0190836382726394,-0.00915988031732822,-0.00476690603006862
0.8125,-0.000882767407665118,-0.000972208653828047,-0.000926070302054885,-0.000906214480474169,-0.0137631500204789,-0.00666341601191081,-0.00360801749144026
0.828125,-0.000574002050278162,-0.000633275755228773,-0.00060287454166727,-0.000590549167173779,-0.00912099203111263,-0.00444287672076271,-0.00254625759379434
0.84375,-0.000240859349584425,-0.000274315972729674,-0.000257016010460886,-0.000251075697085836,-0.00514827938206367,-0.00248617452252024,-0.0015720836790124
0.859375,9.00949269343758e-05,7.81313674551887e-05,8.489143758551e-05,8.55752137304205e-05,-0.00184094331144527,-0.000800708930284193,-0.000695489984142883
0.875,0.000392540842835557,0.000397848167241807,0.000396443456793461,0.0003929587394411,0.000816686988881085,0.000600531227805174,6.43056075567717e-05
0.890625,0.000644963623900393,0.000663538954509291,0.000656071927450463,0.000649435935573829,0.00285835755669773,0.00170933718828263,0.0006881958731626
0.90625,0.00083417104846563,0.000862340622690068,0.00085060004356603,0.000841733811690143,0.00433471236925408,0.00252808110299158,0.00116375217579957
0.921875,0.000956558949864995,0.000991061128365036,0.000976522424004374,0.000966233880182147,0.00530916863417116,0.00307196401322163,0.00148877082000927
0.9375,0.0010169523308765,0.00105499628582907,0.00103884622280252,0.00102781977775581,0.00585417446477383,0.00336901521431227,0.00167227434943218
0.953125,0.00102577450020351,0.00106508002112127,0.0010482493126633,0.00103703974143886,0.00604830326311387,0.00345840681828905,0.00173348663832949
0.96875,0.00099571632076181,0.00103453172247901,0.00101772752775293,0.00100675851178366,0.00597288409830334,0.00338706756610603,0.0016991638433985
0.984375,0.000938937381856655,0.000976026032414022,0.000959763714422066,0.000949333270114379,0.00570717296076466,0.0032047400027499,0.00159971127220829
1,0.000865360256333158,0.000899949345466708,0.000884584888413337,0.000874879157814591,0.00532254237546691,0.00295827156663287,0.00146476122303194
1.015625,0.00078212251546971,0.000813818344919233,0.000799580716049969,0.000790694944581631,0.00487732980534091,0.00268645444894637,0.00131911878432873
1.03125,0.000693922171472671,0.000722607039673903,0.000709627393955704,0.000701590398826958,0.00441400540922756,0.00241670753049698,0.00117998091480019
1.046875,0.000603861185968768,0.000629591475311665,0.000617926154277694,0.000610723766358101,0.00395935709182241,0.00216430648245217,0.00105600858080546
1.0625,0.000514393267177534,0.000537315103219081,0.000526961712153756,0.000520555737928573,0.00352719446249605,0.00193402262549836,0.000948276249291613
1.078125,0.000428050337617997,0.000448341270313171,0.000439249646935364,0.000433590883844868,0.00312235308339051,0.00172334108560929,0.000852574982876629
1.09375,0.000347735191508565,0.000365572387253282,0.000357653155520068,0.000352688723113506,0.00274477393273326,0.00152616865757169,0.000762245625310094
1.109375,0.00027652744388082,0.000292077769407385,0.000285210274916608,0.00028088642922923,0.00239287210622638,0.0013361073472783,0.000670757305616556
1.125,0.000217132836847876,0.000230557996839486,0.00022459808201323,0.000220859957555127,0.0020658532717319,0.00114874617202069,0.000573526461660578
1.140625,0.000171246753197018,0.000182715970948491,0.000177503568199527,0.000174293380246701,0.00176487438741082,0.000962793869989783,0.000468812622141312
1.15625,0.000139128548040456,0.00014883153488996,0.000144198462933487,0.00014145370969728,0.00149308813758237,0.000780154595976209,0.000357794083575737
1.171875,0.000119572922515373,0.000127727553979583,0.000123506148624118,0.000121159029237305,0.00125482840432686,0.000605241801981437,0.000244068879839598
1.1875,0.000110275696218982,0.000117128066775563,0.000113160535924994,0.00011113901471497,0.00105443749961108,0.000443916910398964,0.000132846784738472
1.203125,0.000108426598651526,0.000114244692718271,0.000110391721694664,0.000108621753415288,0.000895283830549523,0.000302391619210468,3.00302646272807e-05
1.21875,0.000111300287241205,0.000116364453115686,0.00011251081692726,0.000110918769952979,0.000779269941432913,0.000186275375044183,-5.87075862482773e-05
1.234375,0.000116667759960135,0.000121260714074235,0.000117316333030629,0.00011583087347592,0.000706760238943631,9.98019241837403e-05,-0.00012877944713993
1.25,0.00012296061232453,0.00012735788047219,0.000123254572518242,0.000121807919924876,0.000676648233257652,4.5234368031119e-05,-0.000177375417992332
1.265625,0.000129222069177969,0.000133682367377768,0.000129368336686114,0.000127897330377891,0.000686347249098848,2.25075314139408e-05,-0.0002038497854806
1.28125,0.000134931720776154,0.000139686704220855,0.000135121516940079,0.000133569014435229,0.000731693187448439,2.92056874147508e-05,-0.000209692201401604
1.296875,0.000139795466092469,0.0001450391013626,0.000140191314591,0.000138508155647643,0.000806886553705133,6.09128618439366e-05,-0.000198090339023157
1.3125,0.000143570508982219,0.00014944908182403,0.000144297350560461,0.000142444753872525,0.000904590257841159,0.000111845821828674,-0.000173230328575821
1.328125,0.000145967665371362,0.000152571616220723,0.000147108746685917,0.000145060774783176,0.0010162108665398,0.000175588713166859,-0.000139551624701524
1.34375,0.000146646586007611,0.000154005205130706,0.000148243695706611,0.000145989339272926,0.00113233863882247,0.00024576200947,-0.000101136620944026
1.359375,0.000145291885455655,0.00015337191397183,0.000147349071185778,0.000144893463610475,0.00124334856018535,0.000316558154524071,-6.13088464428549e-05
1.375,0.000141730647479945,0.000150440155583445,0.000144220777752035,0.000141585001321982,0.00134021239389583,0.000383179326939191,-2.24119185268642e-05
1.390625,0.000136034279749599,0.000145233304059285,0.000138908201752697,0.000136127178981857,0.00141553877039683,0.000442236902689651,1.42952622554516e-05
1.40625,0.00012855285415057,0.000138071347045527,0.000131750788489605,0.000128869039220321,0.00146469835006006,0.000492095671203045,4.86543148257738e-05
1.421875,0.000119860477868273,0.000129521843302851,0.000123324433774347,0.000120390093448566,0.00148668346633435,0.000533030864896221,8.14968372810806e-05
1.4375,0.000110631913750578,0.000120277593595738,0.000114316766377073,0.000111375016409182,0.0014842697799247,0.000567022281972811,0.000114348064341025
1.453125,0.000101500671871988,0.000111009568434228,0.000105381039823943,0.000102468592259547,0.00146322167377805,0.000597108029556381,0.000148942843188758
1.46875,9.29514002316392e-05,0.00010224873420226,9.70222657796793e-05,9.41644115329221e-05,0.00143066658524695,0.000626421652811204,0.000186657244082686
1.484375,8.52767530682129e-05,9.43302052831872e-05,8.95476960738428e-05,8.67586410983291e-05,0.001393138248666,0.000657209417770423,0.000228031787872098
1.5,7.85974822029505e-05,8.74026113568753e-05,8.30824866201542e-05,8.03686219983999e-05,0.0013549264874329,0.000690149022790216,0.000272541626573541
1.515625,7.29218361406069e-05,8.14818423616734e-05,7.76278302936832e-05,7.49927178924473e-05,0.00131720715945929,0.000724154753012938,0.000318665687789414
1.53125,6.82140778361166e-05,7.651988831701e-05,7.31312778092278e-05,7.05808088911264e-05,0.00127809171488916,0.000756654941807766,0.000364190750527893
1.546875,6.44484825983007e-05,7.24640922250869e-05,6.95445982611513e-05,6.70909847577356e-05,0.00123343583113869,0.000784186350241116,0.000406626195519354
1.5625,6.16363107762778e-05,6.92923399386034e-05,6.68554674172576e-05,6.45192060137539e-05,0.00117810386642313,0.000803119801118743,0.000443617697079369
1.578125,5.98230610905604e-05,6.70195184518472e-05,6.5089381791329e-05,6.28988402472513e-05,0.0011073853119057,0.000810377370286153,0.000473298525898047
1.59375,5.90606296615949e-05,6.56782014162736e-05,6.42858380788043e-05,6.22745577554006e-05,0.00101830684095138,0.000804051043780386,0.000494556777859535
1.609375,5.93651103557663e-05,6.52827827764648e-05,6.44589847218396e-05,6.2661211481662e-05,0.000910606870903372,0.000783841461220555,0.000507201500700629
1.625,6.06759791394306e-05,6.57913356885831e-05,6.55578447510475e-05,6.40032185984646e-05,0.00078714712299486,0.000751217717495851,0.000511993043403299
1.640625,6.28338088265083e-05,6.70812684571466e-05,6.74426767550689e-05,6.61513301589522e-05,0.0006535958141271,0.000709209044446915,0.000510497625574106
1.65625,6.55884444285148e-05,6.89507069017811e-05,6.98893362390558e-05,6.88686791073749e-05,0.000517382357838497,0.000661817916786348,0.000504759984060243
1.671875,6.863790294362e-05,7.11474182929778e-05,7.26226925900307e-05,7.18667673895907e-05,0.000386162287687593,0.000613176359413598,0.00049685517221811
1.6875,7.16850997878036e-05,7.34152122994909e-05,7.53677397139514e-05,7.48592898873596e-05,0.000266228379771061,0.000566681793349,0.000488441925933444
1.703125,7.44919350805768e-05,7.55404098110188e-05,7.78996046766703e-05,7.76141961720479e-05,0.000161338483382357,0.000524369570900483,0.000480451130194916
1.71875,7.6912467503891e-05,7.73821183563616e-05,8.00752483036609e-05,7.99862468300474e-05,7.22695111830632e-05,0.000486686271676361,0.000472990793516822
1.734375,7.8897054318971e-05,7.88784373949889e-05,8.18388027695574e-05,8.19219201629364e-05,-2.86475791291091e-06,0.0004526739841502,0.000465464024578547
1.75,8.04712428420689e-05,8.00310553133929e-05,8.32035552129759e-05,8.34399905116281e-05,-6.77357176271325e-05,0.000420446121637222,0.000456828603155414
1.765625,8.17008818140345e-05,8.08776629762278e-05,8.42209406085274e-05,8.45986520902923e-05,-0.000126676280245224,0.000387784704898364,0.0004459066565818
1.78125,8.26562328988291e-05,8.14630817336104e-05,8.49483729518375e-05,8.54615116286164e-05,-0.000183601181652808,0.000352712744632787,0.000431674128701076
1.796875,8.33845983031821e-05,8.18173475471018e-05,8.54248270941213e-05,8.60717190843637e-05,-0.000241167338348015,0.000313948833792462,0.000413492074642815
1.8125,8.38963532772313e-05,8.19449455317161e-05,8.56587262324616e-05,8.64389978371141e-05,-0.000300281119783661,0.000271192591957898,0.000391260185068018
1.828125,8.41653868537998e-05,8.18258711439516e-05,8.56289265257136e-05,8.65404598331543e-05,-0.000360002874191326,0.000225208356654365,0.000365474399416293
1.84375,8.41420792109727e-05,8.1426602490979e-05,8.52968042908996e-05,8.63332143195774e-05,-0.000417855464651171,0.000177688205265975,0.000337170181640028
1.859375,8.3774480135834e-05,8.07170139175123e-05,8.46251926468407e-05,8.57744084716721e-05,-0.000470480545056948,0.000130906985485813,0.000307747430824091
1.875,8.30312055065219e-05,7.96876779284001e-05,8.35981153176926e-05,8.48423977457578e-05,-0.000514499446614061,8.72356447830693e-05,0.000278704865751998
1.890625,8.19186595003396e-05,7.83615775244181e-05,8.22347017070924e-05,8.35520631100821e-05,-0.000547361032745101,4.86323311776981e-05,0.00025134688848058
1.90625,8.04867059722911e-05,7.6795839185775e-05,8.05923030249353e-05,8.19589172080327e-05,-0.000567947736281414,1.62491930693272e-05,0.000226542730212371
1.921875,7.88209749460327e-05,7.50726708358522e-05,7.87576615328915e-05,8.01506062813093e-05,-0.000576786147375629,-9.74261921376412e-06,0.000204602645025842
1.9375,7.7025018856086e-05,7.32828536151114e-05,7.68295210791283e-05,7.82291742767084e-05,-0.000575841502913933,-3.00830472334679e-05,0.000185294507992531
1.953125,7.51990525534405e-05,7.15078240164757e-05,7.48990803304301e-05,7.62906738829132e-05,-0.000568003402161639,-4.6159494465773e-05,0.000167977848784866
1.96875,7.34223421871369e-05,6.98062699979605e-05,7.30347342644262e-05,7.44088533829685e-05,-0.000556438401292568,-5.96448083882304e-05,0.000151803582436445
1.984375,7.17437058051759e-05,6.82085972555695e-05,7.12749451089927e-05,7.26270278634959e-05,-0.000543979778840292,-7.21325346196601e-05,0.000135924917491757
2,7.01808798145295e-05,6.67192589919486e-05,6.96295512938864e-05,7.09586291555544e-05,-0.000532671544048101,-8.4838007806332e-05,0.000119679469127199
2.015625,6.87266571103045e-05,6.53244961349784e-05,6.8087169946669e-05,6.93941867453621e-05,-0.000523521908582708,-9.84037918395422e-05,0.000102718945727538
2.03125,6.73585960035717e-05,6.40022223815198e-05,6.6625369857933e-05,6.79114446386946e-05,-0.000516476185952604,-0.000112828274138532,8.50719218508352e-05
2.046875,6.60493753089668e-05,6.27312416672651e-05,6.5220648859769e-05,6.64856255916242e-05,-0.000510591847250745,-0.000127523787240964,6.7129857244528e-05
2.0625,6.47756570042769e-05,6.14979168568891e-05,6.385613778843e-05,6.50976960675256e-05,-0.000504376127480021,-0.000141494908192143,4.95551228330635e-05
2.078125,6.35240267019955e-05,6.0299295855023e-05,6.25258197393498e-05,6.37393023662661e-05,-0.000496219097190346,-0.000153603318018982,3.31264532888664e-05
2.09375,6.22931847524547e-05,5.91424818622257e-05,6.12348261904731e-05,6.24137776249037e-05,-0.000484827732265562,-0.000162859399761451,1.85567382624928e-05
2.109375,6.10923054863148e-05,5.80408393265156e-05,5.99962038610342e-05,6.11334391916635e-05,-0.000469557260676202,-0.000168667273250499,6.32962287422303e-06
2.125,5.99364419294598e-05,5.70084305672943e-05,5.88254352255229e-05,5.99143279544935e-05,-0.000450560131572196,-0.000170960855265666,-3.40288142290672e-06
2.140625,5.8840717765639e-05,5.60545904993735e-05,5.773463925811e-05,5.87702803199695e-05,-0.000428727116255814,-0.00017020250820094,-1.08388598481955e-05
2.15625,5.78153269899499e-05,5.51804247721945e-05,5.67283831189354e-05,5.77083357825338e-05,-0.000405456722351566,-0.000167258085082608,-1.6463724531059e-05
2.171875,5.68628136737725e-05,5.43781929730399e-05,5.58022802836023e-05,5.67267972004802e-05,-0.000382331518345317,-0.000163194060646817,-2.09301100721342e-05
2.1875,5.59779995775136e-05,5.36333696593944e-05,5.49443736956033e-05,5.58160907618093e-05,-0.000360789844618158,-0.000159053554015402,-2.49144037653131e-05
2.203125,5.51498846213493e-05,5.29282453980136e-05,5.4138307036758e-05,5.49615383166036e-05,-0.000341864131303017,-0.000155660779018237,-2.89825842016434e-05
2.21875,5.43643796126784e-05,5.22456533563478e-05,5.33669243954723e-05,5.41467415203872e-05,-0.000326027963263012,-0.000153487640010178,-3.34899818917827e-05
2.234375,5.36069125256092e-05,5.15717697489064e-05,5.26152238524132e-05,5.33565203382791e-05,-0.000313166201841933,-0.000152600288662601,-3.8530156790329e-05
2.25,5.28644470904302e-05,5.08975733062923e-05,5.18721756129525e-05,5.25788995225667e-05,-0.000302661021886078,-0.000152689970136258,-4.39398396499185e-05
2.265625,5.21268601780036e-05,5.02190621745786e-05,5.11314066760388e-05,5.18060980467415e-05,-0.000293570486284117,-0.000153179617611702,-4.93586295231914e-05
2.28125,5.13877589781386e-05,4.95365508741741e-05,5.03909785936276e-05,5.10346784806111e-05,-0.000284862476173211,-0.000153383797275207,-5.43317548139363e-05
2.296875,5.06447644511844e-05,4.88533902476886e-05,4.96525152089012e-05,5.02650340393337e-05,-0.000275655281687565,-0.000152686548601675,-5.84326230888998e-05
2.3125,4.98992338079443e-05,4.81744310490295e-05,4.89199294405091e-05,4.95003872140084e-05,-0.000265411319107045,-0.000150694601237652,-6.13742064538991e-05
2.328125,4.91554526161042e-05,4.75045555813487e-05,4.81980270180328e-05,4.87455194988532e-05,-0.000254038763238073,-0.000147327913071553,-6.30801921163935e-05
2.34375,4.84194615918865e-05,4.68475819018662e-05,4.74912867752649e-05,4.8005505515179e-05,-0.000241879635134815,-0.000142826825367817,-6.36992420167699e-05
2.359375,4.76977794188256e-05,4.62057313558895e-05,4.68030524164928e-05,4.72847064809718e-05,-0.000229595205891323,-0.000137679901485805,-6.35633452906701e-05
2.375,4.69962635408339e-05,4.5579652505855e-05,4.61352081826829e-05,4.65861608070069e-05,-0.000217987014174246,-0.000132498534832381,-6.31062925843784e-05
2.390625,4.63192418044485e-05,4.49688100713877e-05,4.54882328864716e-05,4.59113519946438e-05,-0.000207803394204436,-0.000127875011777423,-6.27657695414854e-05
2.40625,4.56689440582282e-05,4.43719786834585e-05,4.48614399442196e-05,4.52602315199529e-05,-0.000199576032201136,-0.000124258110659705,-6.28923703644232e-05
2.421875,4.50452338213735e-05,4.37876494477801e-05,4.42532520340482e-05,4.46313783973093e-05,-0.00019351611409401,-0.000121869546993891,-6.3683753665604e-05
2.4375,4.44456693541271e-05,4.32142913301936e-05,4.36614667843249e-05,4.40222531697552e-05,-0.000189483501207535,-0.000120672486997448,-6.51549560925585e-05
2.453125,4.38659364587309e-05,4.26505106667473e-05,4.30835463025639e-05,4.34295671009075e-05,-0.000187028784050671,-0.000120393594184232,-6.71481804392878e-05
2.46875,4.33006390083757e-05,4.20951706322228e-05,4.25169580817941e-05,4.28497782964285e-05,-0.000185496544577576,-0.000120592216940748,-6.93780988422886e-05
2.484375,4.27443237644912e-05,4.15474899980917e-05,4.19595350517183e-05,4.22796580800675e-05,-0.00018416785748406,-0.000120762682226017,-7.15023973664445e-05
2.5,4.21925183893917e-05,4.10070952077364e-05,4.14097726209489e-05,4.17168058044372e-05,-0.000182412005498614,-0.000120448315527147,-7.32022859054548e-05
2.515625,4.16425339603933e-05,4.0473994048585e-05,4.08669824010267e-05,4.11599816182059e-05,-0.000179814020947768,-0.000119341276179627,-7.42547824765432e-05
2.53125,4.10938410588473e-05,3.99484720260172e-05,4.03312699755546e-05,4.06091791851244e-05,-0.00017624850395013,-0.000117343850526387,-7.45793955632505e-05
2.546875,4.0547945396741e-05,3.9430950143211e-05,3.98033613011091e-05,4.00654383246473e-05,-0.000171882368661226,-0.000114576026729069,-7.42478163494066e-05
2.5625,4.0007819694632e-05,3.89218523049279e-05,3.92843364004993e-05,3.95304613135288e-05,-0.000167107824891208,-0.000111329051658342,-7.3455539748284e-05
2.578125,3.94770516936863e-05,3.84215086342698e-05,3.87753323528035e-05,3.90061294194599e-05,-0.000162426152396853,-0.000107980031307353,-7.24651565828512e-05
2.59375,3.89589197400464e-05,3.79300930055175e-05,3.82772650318986e-05,3.84940233347777e-05,-0.000158315064915437,-0.000104892501087413,-7.15379005122482e-05
2.609375,3.84556032905153e-05,3.7447584247554e-05,3.77906079925083e-05,3.79950414869262e-05,-0.000155113193375054,-0.000102328963895591,-7.08708953467931e-05
2.625,3.79676864646895e-05,3.69737495672923e-05,3.73152602488655e-05,3.7509185130959e-05,-0.000152946243669803,-0.00010039484321721,-7.05538318331077e-05
2.640625,3.74940362601738e-05,3.65081543754365e-05,3.68505231204827e-05,3.7035538935374e-05,-0.000151706744530314,-9.90233059318676e-05,-7.05532149419396e-05
2.65625,3.70320537416699e-05,3.60501934491383e-05,3.63951851312138e-05,3.65724307696625e-05,-0.000151087905021442,-9.800085089462e-05,-7.07264286666327e-05
2.671875,3.65782250424869e-05,3.559912780222e-05,3.59476921021875e-05,3.61177221082264e-05,-0.000150662728668638,-9.70259228542846e-05,-7.08618365798861e-05
2.6875,3.61288499174891e-05,3.51541184849991e-05,3.55063690752122e-05,3.5669169491791e-05,-0.000149990921532989,-9.57868722169325e-05,-7.07352695962597e-05
2.703125,3.56807991005791e-05,3.47142690979101e-05,3.50696613345527e-05,3.52247990783936e-05,-0.000148728891833577,-9.40414083864473e-05,-7.01689319404998e-05
2.71875,3.52321449857881e-05,3.42786990193484e-05,3.46363625925211e-05,3.47832362318522e-05,-0.000146715530423473,-9.16785354617869e-05,-6.90777330480287e-05
2.734375,3.47825268475799e-05,3.38466538901503e-05,3.42057934925849e-05,3.43439288746791e-05,-0.000144011409341836,-8.87472841349997e-05,-6.7491118009646e-05
2.75,3.43331604602599e-05,3.34176302452648e-05,3.37778904043277e-05,3.39072099100493e-05,-0.000140881083815686,-8.54445282185901e-05,-6.55449423543855e-05
2.765625,3.38864818742489e-05,3.29914715738121e-05,3.33531741103848e-05,3.34741712546971e-05,-0.000137723495179683,-8.20649876431433e-05,-6.34460403379286e-05
2.78125,3.34455060494137e-05,3.25683953988094e-05,3.29325916495627e-05,3.30463649426824e-05,-0.000134969110860066,-7.89268725075041e-05,-6.14195258558486e-05
2.796875,3.30130509050328e-05,3.21489287838899e-05,3.25172531162115e-05,3.26253885702198e-05,-0.000132970445957785,-7.62929815953037e-05,-5.96531812806094e-05
2.8125,3.25910023172891e-05,3.17337520655219e-05,3.21081088452596e-05,3.22124386177799e-05,-0.000131913007994919,-7.43072752737059e-05,-5.82530902930648e-05
2.828125,3.21797747469775e-05,3.13234731454862e-05,3.17056273273487e-05,3.18079220465247e-05,-0.000131767030421651,-7.29614394715241e-05,-5.72204069309334e-05
2.84375,3.17780742510988e-05,3.09183766792957e-05,3.13095408828708e-05,3.14112081931268e-05,-0.000132289599715701,-7.2097553569141e-05,-5.645306622956e-05
2.859375,3.13830167874624e-05,3.05182102789645e-05,3.0918724707932e-05,3.1020584569108e-05,-0.000133075758956461,-7.14449073334352e-05,-5.57707904067004e-05
2.875,3.09906015143755e-05,3.01220759429135e-05,3.05312620374546e-05,3.06334521417395e-05,-0.000133648045498809,-7.06828046612168e-05,-5.49578701794285e-05
2.890625,3.05964767664958e-05,2.97284812874423e-05,3.01447167704786e-05,3.02467527495879e-05,-0.000133566475287566,-6.95164799818301e-05,-5.38152621632621e-05
2.90625,3.01968584651783e-05,2.93355667471208e-05,2.97565803116817e-05,2.98575601492306e-05,-0.000132534905712607,-6.77496629046785e-05,-5.22109633353947e-05
2.921875,2.97893853176842e-05,2.89414660624242e-05,2.93647917964685e-05,2.94636990805076e-05,-0.000130477161444477,-6.53361237786066e-05,-5.0116347145934e-05
2.9375,2.93736670894948e-05,2.85446986105573e-05,2.89681810796682e-05,2.90642161156591e-05,-0.000127561030590764,-6.23958746536627e-05,-4.76180773367748e-05
2.953125,2.89513410270374e-05,2.81444654935112e-05,2.85666875149993e-05,2.86595463636031e-05,-0.000124161385179566,-5.91901859511412e-05,-4.49011379012553e-05
2.96875,2.85255920744505e-05,2.77407486346366e-05,2.81612749284784e-05,2.82513072865661e-05,-0.00012077110358089,-5.60608416156462e-05,-4.22067317478056e-05
2.984375,2.8100257933564e-05,2.73341835936648e-05,2.77535645055878e-05,2.78417696876806e-05,-0.000117882928952775,-5.33489174743672e-05,-3.9775972040267e-05
3,2.76787577906135e-05,2.6925754046476e-05,2.73452926157426e-05,2.74331517250397e-05,-0.000115871635751446,-5.13133640825338e-05,-3.77936720634987e-05
3.015625,2.726311369603e-05,2.65164015647061e-05,2.69377371026781e-05,2.70269187097834e-05,-0.000114903487221104,-5.00686993928606e-05,-3.6345502430434e-05
3.03125,2.68532873308735e-05,2.61066500196829e-05,2.65312465013589e-05,2.66232523852784e-05,-0.000114891973956662,-4.95553946246918e-05,-3.53976001229919e-05
3.046875,2.64469734157407e-05,2.56963291690375e-05,2.61249770032848e-05,2.62208070977572e-05,-0.000115508558104911,-4.95485597619385e-05,-3.48022986879622e-05
3.0625,2.6039908269259e-05,2.52844673059478e-05,2.57169098365706e-05,2.58168211516232e-05,-0.000116246673159359,-4.97027498629899e-05,-3.43284737118355e-05
3.078125,2.56266721216986e-05,2.48694059329722e-05,2.5304182913183e-05,2.54075995677751e-05,-0.000116527537439412,-4.96243908397775e-05,-3.37107157421137e-05
3.09375,2.52018689059256e-05,2.44491492845014e-05,2.4883708223005e-05,2.49893116286499e-05,-0.000115827915167314,-4.89583206575394e-05,-3.27081499933545e-05
3.109375,2.47614505798026e-05,2.40218874150313e-05,2.44529561011116e-05,2.45589468121507e-05,-0.000113803409758243,-4.74708926011599e-05,-3.11611236814502e-05
3.125,2.43038502617104e-05,2.35865476676985e-05,2.4010697735335e-05,2.41151780691659e-05,-0.000110377970287676,-4.51100848040321e-05,-2.90327315649572e-05
3.140625,2.38305719553984e-05,2.31431871419991e-05,2.355746364454e-05,2.36588550897797e-05,-0.000105774245266879,-4.20256963698393e-05,-2.64236589263492e-05
3.15625,2.33460094762299e-05,2.26930781978451e-05,2.30955426030314e-05,2.31929391275428e-05,-0.000100472561854777,-3.85416493941987e-05,-2.35543472731782e-05
3.171875,2.28565094974923e-05,2.22384510878981e-05,2.26285012000868e-05,2.27218753737389e-05,-9.51063516844026e-05,-3.50857410616738e-05,-2.07173951905619e-05
3.1875,2.23689455401434e-05,2.17819850301572e-05,2.21603753691503e-05,2.22505917235443e-05,-9.03210308622172e-05,-3.20946171517507e-05,-1.82121940741176e-05
3.203125,2.18892090181305e-05,2.13262158713098e-05,2.16947837990527e-05,2.17834186978296e-05,-8.66329514917456e-05,-2.99180028536066e-05,-1.62789329473707e-05
3.21875,2.14209997540816e-05,2.08730265757272e-05,2.12342005813528e-05,2.1323208189834e-05,-8.43216903211749e-05,-2.87445127193859e-05,-1.50480905311308e-05
3.234375,2.09651585870972e-05,2.04233275265417e-05,2.07795336183757e-05,2.08708272812569e-05,-8.33765459684693e-05,-2.85638271117906e-05,-1.4515628634498e-05
3.25,2.05196217390942e-05,1.99769635804224e-05,2.03300537746729e-05,2.04250880231105e-05,-8.35038191891013e-05,-2.91705722509071e-05,-1.4546775351351e-05
3.265625,2.0079956884058e-05,1.95328392196201e-05,1.98836536268665e-05,1.99830920684946e-05,-8.41900444991005e-05,-3.02069939109894e-05,-1.49054831579226e-05
3.28125,1.96403708089912e-05,1.90892348165392e-05,1.94373827289959e-05,1.95409219587027e-05,-8.48083817166893e-05,-3.12356492915427e-05,-1.5303112429706e-05
3.296875,1.91950233046055e-05,1.86442712429816e-05,1.89881772033707e-05,1.90945700026719e-05,-8.47493027367941e-05,-3.18293186262171e-05,-1.54576766746566e-05
3.3125,1.87394104640773e-05,1.81964415607691e-05,1.85336514035864e-05,1.86409362715955e-05,-8.35516363342284e-05,-3.16620456344089e-05,-1.51531328376566e-05
3.328125,1.82715054433385e-05,1.77450736332139e-05,1.8072761095786e-05,1.81786605998041e-05,-8.10069211815197e-05,-3.05826270142078e-05,-1.42868929605818e-05
3.34375,1.77923282719304e-05,1.72905619954766e-05,1.76061299323197e-05,1.77085337734968e-05,-7.72114078718287e-05,-2.86520569822853e-05,-1.28942328322669e-05
3.359375,1.730572661387e-05,1.68342609607696e-05,1.71359029613288e-05,1.72333196202981e-05,-7.25487713051747e-05,-2.61323327572186e-05,-1.11419323613445e-05
3.375,1.68173881407009e-05,1.63780619145541e-05,1.66651503653037e-05,1.67570127530121e-05,-6.76031810578169e-05,-2.34262315370646e-05,-9.29051812171854e-06
3.390625,1.63333739806291e-05,1.59238155462239e-05,1.61970184610687e-05,1.62837690231708e-05,-6.30225362088756e-05,-2.09822822505309e-05,-7.6331726194195e-06
3.40625,1.58586189037238e-05,1.54728163242844e-05,1.57339134417415e-05,1.58168560721263e-05,-5.93670035571738e-05,-1.9189580369997e-05,-6.42643233647796e-06
3.421875,1.53958093862101e-05,1.50255115237216e-05,1.52769584378164e-05,1.53579220716007e-05,-5.69811496634129e-05,-1.82886923314901e-05,-5.8300707695072e-06
3.4375,1.49448711832518e-05,1.45814805991208e-05,1.48258286791507e-05,1.49067234059688e-05,-5.59182629937213e-05,-1.8318168776102e-05,-5.87015056496294e-06
3.453125,1.45030951419156e-05,1.41396323917499e-05,1.43789351784663e-05,1.44612949949825e-05,-5.59293678475167e-05,-1.91056394761895e-05,-6.43217439156832e-06
3.46875,1.40657987986112e-05,1.36985307973815e-05,1.39338592825684e-05,1.40184628206287e-05,-5.65149169482541e-05,-2.03027510329937e-05,-7.28402380655586e-06
3.484375,1.36273726837784e-05,1.32567723836302e-05,1.3487936666118e-05,1.35745827548374e-05,-5.70276885373726e-05,-2.14563069237944e-05,-8.12327357627467e-06
3.5,1.31825443314955e-05,1.28133641998475e-05,1.30389044198995e-05,1.31263938175852e-05,-5.68091541031954e-05,-2.21031988823546e-05,-8.64039780111114e-06
3.515625,1.27276599154946e-05,1.2368056137476e-05,1.25855185967213e-05,1.26718572278017e-05,-5.53355521879047e-05,-2.18725965738629e-05,-8.58687457087001e-06
3.53125,1.22617270934383e-05,1.19215624929971e-05,1.21280177489975e-05,1.22108126599295e-05,-5.23442665255348e-05,-2.05750908627366e-05,-7.83467378475487e-06
3.546875,1.17869296889613e-05,1.14755840401326e-05,1.1668284680387e-05,1.17452568143001e-05,-4.79096284643297e-05,-1.82570024708054e-05,-6.41258983244796e-06
3.5625,1.13083879482954e-05,1.10325589751986e-05,1.12095941541001e-05,1.1279093124662e-05,-4.24443497780786e-05,-1.52023129029938e-05,-4.50786488099425e-06
3.578125,1.08331350271493e-05,1.05951575478479e-05,1.07559530529492e-05,1.08173460387814e-05,-3.66197910878221e-05,-1.18767026999833e-05,-2.42959736029597e-06
3.59375,1.03685537400677e-05,1.01656593711595e-05,1.03112009230929e-05,1.03650347734104e-05,-3.12212291016899e-05,-8.82540726996406e-06,-5.4149587687957e-07
3.609375,9.92072407383124e-06,9.74542710945902e-06,9.87814735620498e-06,9.92604572954019e-06,-2.69745617630872e-05,-6.55167249126123e-06,8.18892278694885e-07
3.625,9.49314387285609e-06,9.33464807459868e-06,9.45800030314159e-06,9.50233049673462e-06,-2.43892112712583e-05,-5.40786541988399e-06,1.41363060160871e-06
3.640625,9.08610159083036e-06,8.93238157961435e-06,9.05019977737399e-06,9.09359629182933e-06,-2.36543168423847e-05,-5.52454338244855e-06,1.15327881299388e-06
3.65625,8.69673060927278e-06,8.53682462027979e-06,8.65261288845821e-06,8.69746251121333e-06,-2.460621033471e-05,-6.78880087411176e-06,1.12624506478826e-07
3.671875,8.31960520217869e-06,8.14566995601804e-06,8.26196396921732e-06,8.30994774714953e-06,-2.67650216142686e-05,-8.86978849967605e-06,-1.48608173616194e-06
3.6875,7.94769698189378e-06,7.7564700121919e-06,7.87438285900162e-06,7.92614986083249e-06,-2.94258587047653e-05,-1.12815207219561e-05,-3.31565438092992e-06
3.703125,7.573541596254e-06,7.36697271473681e-06,7.48599969344339e-06,7.54102557558372e-06,-3.17866602697461e-05,-1.34708805293916e-05,-5.00354019820909e-06
3.71875,7.19048807117964e-06,6.97541665099728e-06,7.09353800024114e-06,7.15019789408892e-06,-3.30950243659963e-05,-1.49186021893283e-05,-6.19982139606055e-06
3.734375,6.79388021664036e-06,6.5807653016756e-06,6.69484453060101e-06,6.75070038432084e-06,-3.27939588511371e-05,-1.52395350335075e-05,-6.6444793153946e-06
3.75,6.38196643786645e-06,6.18284401741845e-06,6.28926419919429e-06,6.34152890118136e-06,-3.06408045799639e-05,-1.42649490343091e-05,-6.22249697686079e-06
3.765625,5.95630153540217e-06,5.78233387276032e-06,5.87775339865598e-06,5.92385073529195e-06,-2.67700098374105e-05,-1.20869267395674e-05,-4.99350410869643e-06
3.78125,5.52145539501037e-06,5.38058997312084e-06,5.46265608120268e-06,5.50075858890817e-06,-2.16762625448204e-05,-9.04799308768861e-06,-3.18480857042667e-06
3.796875,5.08401371368486e-06,4.97930373385454e-06,5.04715852583048e-06,5.07657390318029e-06,-1.61126909884595e-05,-5.67124789997642e-06,-1.14483230602378e-06
3.8125,4.65109723510455e-06,4.58010294807349e-06,4.63456006633516e-06,4.65586647237829e-06,-1.09245461677215e-05,-2.54472678379839e-06,7.33886555674381e-07
3.828125,4.22880953209155e-06,4.18422352273909e-06,4.22757462977472e-06,4.24247207314648e-06,-6.86086075337616e-06,-1.90025816681628e-07,2.10238128678906e-06
3.84375,3.82103213321177e-06,3.7923473742926e-06,3.82785250749099e-06,3.83877541281469e-06,-4.41398859298916e-06,1.04951393711194e-06,2.73032218922183e-06
3.859375,3.42882001348687e-06,3.40460714105602e-06,3.43580042927409e-06,3.44539306539931e-06,-3.72585814698388e-06,1.07414100100794e-06,2.55024845419357e-06
3.875,3.05042815264981e-06,3.02068755907562e-06,3.05066305139791e-06,3.06123813135698e-06,-4.57645961589258e-06,3.61460383038333e-08,1.66343119139773e-06
3.890625,2.68184699925072e-06,2.63995300457221e-06,2.67077866867742e-06,2.68386584407953e-06,-6.4466156102869e-06,-1.7031861774278e-06,3.10658286181627e-07
3.90625,2.31767664931315e-06,2.26157341187158e-06,2.29393376614704e-06,2.30999560868924e-06,-8.63312293453756e-06,-3.65353656118121e-06,-1.1819526108533e-06
3.921875,1.95217900280936e-06,1.88465007758557e-06,1.91776678706192e-06,1.93612752759746e-06,-1.0391298963833e-05,-5.29532523514237e-06,-2.46998863353254e-06
3.9375,1.58035884135652e-06,1.50834107828364e-06,1.54017885065473e-06,1.55917844327795e-06,-1.10820378721656e-05,-6.18286599946014e-06,-3.25922333101018e-06
3.953125,1.19891973014715e-06,1.13197608267421e-06,1.15970129779709e-06,1.17705206298181e-06,-1.03012368746499e-05,-6.03490214144194e-06,-3.36497976835229e-06
3.96875,8.06927151240098e-07,7.55147339627144e-07,7.75759689929758e-07,7.89044034252889e-07,-7.96783750041939e-06,-4.79602492333661e-06,-2.75184025813313e-06
3.984375,4.06011962391057e-07,3.7775805794907e-07,3.88768111875356e-07,3.95978624978372e-07,-4.34768903813109e-06,-2.65347042622794e-06,-1.54392222761885e-06
