x_over_lambda_p,mf12_m3000_psi33_hat,gl6_psi33_hat,difference_pct_of_mf12_peak
-4,0,-3.1424368122905e-14,-4.83555754563664e-12
-3.984375,-4.06011962368309e-07,-4.24591129818703e-07,-2.85894796690968e-06
-3.96875,-8.06927151224933e-07,-8.48466283535733e-07,-6.39200966266299e-06
-3.953125,-1.19891973017748e-06,-1.271186242904e-06,-1.11203152771381e-05
-3.9375,-1.58035884138685e-06,-1.69276324821596e-06,-1.72967034843611e-05
-3.921875,-1.95217900283969e-06,-2.11369438897505e-06,-2.48538631264946e-05
-3.90625,-2.31767664934348e-06,-2.53488023736107e-06,-3.34231207090615e-05
-3.890625,-2.68184699925072e-06,-2.95747841231711e-06,-4.24139493928662e-05
-3.875,-3.05042815260432e-06,-3.38272899723184e-06,-5.1134197842114e-05
-3.859375,-3.4288200135172e-06,-3.81177162308346e-06,-5.89282985105463e-05
-3.84375,-3.82103213321936e-06,-4.24546272404652e-06,-6.53110521760135e-05
-3.828125,-4.2288095320688e-06,-4.6841932574378e-06,-7.00740966614116e-05
-3.8125,-4.65109723508559e-06,-5.12771613546879e-06,-7.33417490250535e-05
-3.796875,-5.08401371367728e-06,-5.57503297710964e-06,-7.55576657916201e-05
-3.78125,-5.52145539500658e-06,-6.02443165553908e-06,-7.73975992892371e-05
-3.765625,-5.95630153538701e-06,-6.47374684103431e-06,-7.96240847991236e-05
-3.75,-6.38196643787024e-06,-6.92081631341568e-06,-8.29178035169422e-05
-3.734375,-6.79388021663277e-06,-7.3639933836554e-06,-8.77285747124898e-05
-3.71875,-7.19048807117205e-06,-7.80254263529614e-06,-9.41824845710837e-05
-3.703125,-7.57354159624642e-06,-8.23681348205258e-06,-0.000102063766554492
-3.6875,-7.9476969818862e-06,-8.66818909169773e-06,-0.000110868770520524
-3.671875,-8.31960520217869e-06,-9.09887256004612e-06,-0.000119913060388876
-3.65625,-8.69673060926141e-06,-9.53157872554163e-06,-0.00012846578465318
-3.640625,-9.08610159084174e-06,-9.96917482335041e-06,-0.000135886628367702
-3.625,-9.49314387288263e-06,-1.04142861624948e-05,-0.000141744665532117
-3.609375,-9.92072407382745e-06,-1.08688764646762e-05,-0.000145900959091684
-3.59375,-1.03685537400601e-05,-1.13338451682778e-05,-0.00014853830095169
-3.578125,-1.08331350271702e-05,-1.18087485695001e-05,-0.000150126659915244
-3.5625,-1.13083879482812e-05,-1.22917908610729e-05,-0.000151325282238043
-3.546875,-1.17869296889888e-05,-1.27801747300425e-05,-0.000152839781348943
-3.53125,-1.22617270934633e-05,-1.3270748853631e-05,-0.0001552674907259
-3.515625,-1.27276599154982e-05,-1.37607384324174e-05,-0.000158969325912473
-3.5,-1.31825443314955e-05,-1.42483082409331e-05,-0.000163998928920123
-3.484375,-1.36273726837529e-05,-1.47328071755922e-05,-0.000170103407563014
-3.46875,-1.40657987985815e-05,-1.5214694000428e-05,-0.000176791108120504
-3.453125,-1.45030951419071e-05,-1.56952427541907e-05,-0.000183446755700681
-3.4375,-1.49448711832499e-05,-1.61761387322212e-05,-0.000189466501405518
-3.421875,-1.53958093862168e-05,-1.66590403948129e-05,-0.000194385013935941
-3.40625,-1.58586189037352e-05,-1.71451544840619e-05,-0.000197971103471261
-3.390625,-1.63333739806248e-05,-1.76348784324078e-05,-0.000200274501873332
-3.375,-1.68173881407225e-05,-1.81275952246946e-05,-0.000201613656206821
-3.359375,-1.73057266138721e-05,-1.86217218320053e-05,-0.000202504329830183
-3.34375,-1.77923282719308e-05,-1.91150677688501e-05,-0.000203542134251466
-3.328125,-1.82715054433504e-05,-1.96054443524428e-05,-0.000205265491164431
-3.3125,-1.87394104640732e-05,-2.00913319556414e-05,-0.000208032637095301
-3.296875,-1.91950233046058e-05,-2.05723548313281e-05,-0.000211942713719376
-3.28125,-1.96403708089972e-05,-2.10493849228004e-05,-0.000216818005799253
-3.265625,-2.00799568840545e-05,-2.15242576021036e-05,-0.000222247881262572
-3.25,-2.05196217390877e-05,-2.1999230319839e-05,-0.000227681027960774
-3.234375,-2.09651585870949e-05,-2.2476370858294e-05,-0.000232544179487544
-3.21875,-2.14209997540795e-05,-2.29570270908483e-05,-0.000236362702650586
-3.203125,-2.18892090181426e-05,-2.34414648667011e-05,-0.000238859933536256
-3.1875,-2.23689455401458e-05,-2.39287183652476e-05,-0.000240016640092841
-3.171875,-2.28565094975038e-05,-2.4416684298663e-05,-0.000240078495858705
-3.15625,-2.33460094762194e-05,-2.49024759715187e-05,-0.000239507864611264
-3.140625,-2.38305719553869e-05,-2.53830033988129e-05,-0.000238886953939105
-3.125,-2.43038502617105e-05,-2.58556624386753e-05,-0.000238791661693386
-3.109375,-2.4761450579805e-05,-2.6318941088299e-05,-0.000239665438972376
-3.09375,-2.52018689058637e-05,-2.67727425566649e-05,-0.000241724826595214
-3.078125,-2.56266721217239e-05,-2.72183108978549e-05,-0.000244920148075731
-3.0625,-2.60399082692684e-05,-2.76577935319911e-05,-0.000248958937202324
-3.046875,-2.6446973415723e-05,-2.80936078341126e-05,-0.000253382835117221
-3.03125,-2.68532873308894e-05,-2.85278274059803e-05,-0.000257676936061429
-3.015625,-2.72631136959912e-05,-2.89617568223941e-05,-0.000261385895019303
-3,-2.76787577906135e-05,-2.93957685236258e-05,-0.000264212288167054
-2.984375,-2.81002579335895e-05,-2.98293922622162e-05,-0.000266077857715639
-2.96875,-2.85255920744372e-05,-3.02616037684538e-05,-0.000267136141400937
-2.953125,-2.89513410270396e-05,-3.06912415809863e-05,-0.000267734556169552
-2.9375,-2.93736670895099e-05,-3.111746329672e-05,-0.00026833401629105
-2.921875,-2.97893853177063e-05,-3.1540130383559e-05,-0.000269403301302954
-2.90625,-3.01968584651405e-05,-3.19600080275181e-05,-0.000271312095667143
-2.890625,-3.05964767664792e-05,-3.23787094270338e-05,-0.00027424858810583
-2.875,-3.09906015143863e-05,-3.27983985790832e-05,-0.000278182418910856
-2.859375,-3.13830167874551e-05,-3.32213524333978e-05,-0.000282881672254584
-2.84375,-3.1778074251103e-05,-3.36495259899611e-05,-0.000287977551107356
-2.828125,-3.21797747469741e-05,-3.40842446825267e-05,-0.000293058365765103
-2.8125,-3.25910023173072e-05,-3.45260870273801e-05,-0.000297769343671184
-2.796875,-3.30130509050095e-05,-3.49749533745113e-05,-0.000301896039821643
-2.78125,-3.34455060494258e-05,-3.54302703219454e-05,-0.000305413996448721
-2.765625,-3.38864818742437e-05,-3.5891262144656e-05,-0.000308494042776619
-2.75,-3.43331604602561e-05,-3.63572239430603e-05,-0.000311461328636467
-2.734375,-3.47825268475821e-05,-3.68277450200292e-05,-0.000314716595973204
-2.71875,-3.52321449857805e-05,-3.7302846934971e-05,-0.000318638019896234
-2.703125,-3.56807991005871e-05,-3.7783017936835e-05,-0.000323487814184196
-2.6875,-3.612884991748e-05,-3.82691479731616e-05,-0.000329347415120142
-2.671875,-3.65782250424595e-05,-3.87623941065432e-05,-0.000336098252078387
-2.65625,-3.70320537416577e-05,-3.92640213851895e-05,-0.000343453460641902
-2.640625,-3.74940362601762e-05,-3.97752563551333e-05,-0.000351032389904679
-2.625,-3.79676864646888e-05,-4.02971659932244e-05,-0.000358458514346588
-2.609375,-3.84556032905115e-05,-4.08305574094062e-05,-0.000365456109260361
-2.59375,-3.89589197400559e-05,-4.13758982493379e-05,-0.000371922790061805
-2.578125,-3.94770516936901e-05,-4.19332731477146e-05,-0.000377961464151317
-2.5625,-4.00078196946358e-05,-4.25023950769069e-05,-0.000383863337067637
-2.546875,-4.05479453967671e-05,-4.30826764057625e-05,-0.000390042453957037
-2.53125,-4.10938410588548e-05,-4.36733491354759e-05,-0.000396932714610228
-2.515625,-4.16425339604105e-05,-4.42736207035687e-05,-0.000404869600061409
-2.5,-4.21925183893917e-05,-4.4882853300972e-05,-0.000413986662551203
-2.484375,-4.27443237644717e-05,-4.55007448790616e-05,-0.000424155956532733
-2.46875,-4.33006390083844e-05,-4.61274705536042e-05,-0.000434990659327467
-2.453125,-4.38659364587266e-05,-4.67637363040765e-05,-0.000445911206650897
-2.4375,-4.44456693541432e-05,-4.74107209049124e-05,-0.000456259847244889
-2.421875,-4.50452338213792e-05,-4.80699269367201e-05,-0.00046543744523096
-2.40625,-4.56689440582264e-05,-4.8742993020545e-05,-0.000473032284921643
-2.390625,-4.63192418044703e-05,-4.94315069659037e-05,-0.000478912964185328
-2.375,-4.69962635408311e-05,-5.01368079633642e-05,-0.000483264555086411
-2.359375,-4.76977794188351e-05,-5.0859721095288e-05,-0.000486557148027122
-2.34375,-4.84194615918817e-05,-5.16001864851171e-05,-0.000489447494947976
-2.328125,-4.91554526160985e-05,-5.23568451291292e-05,-0.000492627812351997
-2.3125,-4.98992338079737e-05,-5.31267688523658e-05,-0.000496650604927874
-2.296875,-5.06447644511958e-05,-5.39055747773325e-05,-0.000501770979634987
-2.28125,-5.13877589781348e-05,-5.46880820523041e-05,-0.000507851170846785
-2.265625,-5.21268601780017e-05,-5.54694825348116e-05,-0.000514360151856304
-2.25,-5.28644470904415e-05,-5.6246814482742e-05,-0.000520476087283116
-2.234375,-5.36069125256035e-05,-5.70204391772382e-05,-0.000525270850092693
-2.21875,-5.43643796126623e-05,-5.77952205593541e-05,-0.000527935160470661
-2.203125,-5.51498846213521e-05,-5.85811164523191e-05,-0.000527995309441642
-2.1875,-5.59779995775155e-05,-5.93928576738314e-05,-0.000525475731773998
-2.171875,-5.68628136737839e-05,-6.0248398460091e-05,-0.000520971177392968
-2.15625,-5.78153269899272e-05,-6.11660435349481e-05,-0.000515605679299411
-2.140625,-5.8840717765639e-05,-6.21606837205334e-05,-0.000510873802192535
-2.125,-5.99364419294863e-05,-6.32402259897506e-05,-0.000508383744719451
-2.109375,-6.10923054862883e-05,-6.4403665072505e-05,-0.000509549460813985
-2.09375,-6.22931847524301e-05,-6.5641933190267e-05,-0.000515302828482913
-2.078125,-6.35240267019689e-05,-6.69416806142137e-05,-0.000525905949774174
-2.0625,-6.47756570042466e-05,-6.82909337564795e-05,-0.000540928077146309
-2.046875,-6.60493753090199e-05,-6.9684762955701e-05,-0.000559410649005535
-2.03125,-6.73585960035489e-05,-7.11290221479031e-05,-0.000580190268943174
-2.015625,-6.87266571103045e-05,-7.26407942691332e-05,-0.000602304409081663
-2,-7.01808798145295e-05,-7.42450071179292e-05,-0.00062538477691961
-1.984375,-7.17437058051759e-05,-7.59674755880989e-05,-0.000649950438620214
-1.96875,-7.34223421871748e-05,-7.7825379316733e-05,-0.000677535959745667
-1.953125,-7.51990525534481e-05,-7.98170719820696e-05,-0.000710617270222552
-1.9375,-7.7025018856086e-05,-8.19140941649849e-05,-0.00075232714015655
-1.921875,-7.88209749460289e-05,-8.40587734652162e-05,-0.000805988398968616
-1.90625,-8.04867059722551e-05,-8.6169988595251e-05,-0.000874539149494698
-1.890625,-8.19186595003055e-05,-8.81571302279964e-05,-0.000959971067120067
-1.875,-8.30312055065257e-05,-8.99387538137367e-05,-0.00106292820934839
-1.859375,-8.3774480135834e-05,-9.14597079290266e-05,-0.00118259692923536
-1.84375,-8.41420792109651e-05,-9.27004091711469e-05,-0.00131694921772637
-1.828125,-8.4165386853796e-05,-9.36747875177822e-05,-0.00146329924456631
-1.8125,-8.38963532772332e-05,-9.44178181815046e-05,-0.00161903490978763
-1.796875,-8.3384598303185e-05,-9.49672754097226e-05,-0.00178233342551657
-1.78125,-8.26562328988433e-05,-9.53459259868164e-05,-0.00195268019147966
-1.765625,-8.17008818140439e-05,-9.55498526725804e-05,-0.00213106896127168
-1.75,-8.04712428420651e-05,-9.55469328699305e-05,-0.00231983556152361
-1.734375,-7.88970543189767e-05,-9.52874538911603e-05,-0.0025221420528581
-1.71875,-7.69124675038644e-05,-9.47263162591333e-05,-0.00274118131599228
-1.703125,-7.44919350805806e-05,-9.38527450262498e-05,-0.00297922651161214
-1.6875,-7.16850997878348e-05,-9.27191904181844e-05,-0.0032367096536479
-1.671875,-6.86379029436257e-05,-9.14581180696123e-05,-0.00351155711433649
-1.65625,-6.5588444428512e-05,-9.02766219338864e-05,-0.00379899772549808
-1.640625,-6.2833808826514e-05,-8.94258502871178e-05,-0.00409196284347811
-1.625,-6.06759791394297e-05,-8.91530523278386e-05,-0.00438203007281751
-1.609375,-5.93651103557597e-05,-8.96530412008556e-05,-0.00466068345326478
-1.59375,-5.90606296615893e-05,-9.10373446839043e-05,-0.0049205522607827
-1.578125,-5.98230610905529e-05,-9.33318048438369e-05,-0.00515629966105484
-1.5625,-6.16363107762579e-05,-9.65010019316639e-05,-0.00536495180216308
-1.546875,-6.44484825982775e-05,-0.000100487294852622,-0.00554562465188459
-1.53125,-6.82140778360987e-05,-0.000105247974950735,-0.00569874754319981
-1.515625,-7.2921836140621e-05,-0.000110775958373232,-0.00582496315214481
-1.5,-7.85974822029505e-05,-0.000117094664271389,-0.00592391670402742
-1.484375,-8.52767530682296e-05,-0.00012422396000551,-0.00599316618397691
-1.46875,-9.2951400231658e-05,-0.00013212147757225,-0.0060274613098556
-1.453125,-0.000101500671871998,-0.000140613305886603,-0.00601862197512859
-1.4375,-0.000110631913750574,-0.00014933856714835,-0.00595614999073055
-1.421875,-0.000119860477868252,-0.000157737701578318,-0.00582851798968948
-1.40625,-0.000128552854150591,-0.000165106526718009,-0.00562485096001902
-1.390625,-0.000136034279749592,-0.000170714432332189,-0.005336555148817
-1.375,-0.000141730647479951,-0.000173953641819791,-0.00495844953233757
-1.359375,-0.000145291885455659,-0.000174464962212397,-0.00448913056544987
-1.34375,-0.000146646586007595,-0.000172189792324334,-0.00393056889995612
-1.328125,-0.000145967665371336,-0.000167329662441042,-0.00328716764379403
-1.3125,-0.000143570508982222,-0.000160236887744123,-0.00256460951785396
-1.296875,-0.000139795466092472,-0.000151290038641981,-0.00176877596418987
-1.28125,-0.000134931720776161,-0.000140812338470287,-0.000904904918139213
-1.265625,-0.000129222069177975,-0.000129072966000008,2.29438821005288e-05
-1.25,-0.000122960612324542,-0.000116383496223618,0.00101208155613371
-1.234375,-0.000116667759960137,-0.000103274102711459,0.00206100565393103
-1.21875,-0.000111300287241203,-9.07072650293578e-05,0.0031688383853729
-1.203125,-0.000108426598651561,-8.02584148972173e-05,0.0043344984047878
-1.1875,-0.000110275696218998,-7.41703582530378e-05,0.00555586157711161
-1.171875,-0.000119572922515377,-7.51924538457437e-05,0.00682923231152931
-1.15625,-0.000139128548040474,-8.6169229240245e-05,0.00814933915726266
-1.140625,-0.00017124675319701,-0.000109446357584912,0.00950979724259249
-1.125,-0.00021713283684785,-0.000146274127206479,0.0109036836234952
-1.109375,-0.000276527443880836,-0.000196440326236122,0.0123237439340241
-1.09375,-0.000347735191508554,-0.000258301914630481,0.0137619237130677
-1.078125,-0.00042805033761796,-0.000329217165180494,0.0152083723965431
-1.0625,-0.000514393267177519,-0.000406187649769186,0.0166505970046143
-1.046875,-0.000603861185968751,-0.000486407168479902,0.0180737336805687
-1.03125,-0.000693922171472669,-0.000567441753690207,0.0194627092004267
-1.015625,-0.000782122515469753,-0.000646910103659909,0.020806381710958
-1,-0.000865360256333158,-0.00072172236811599,0.0221028875263709
-0.984375,-0.000938937381856618,-0.000787098665486314,0.0233648246415824
-0.96875,-0.000995716320761839,-0.000835702188172443,0.0246228513879702
-0.953125,-0.00102577450020345,-0.000857287290550281,0.0259266819557084
-0.9375,-0.00101695233087649,-0.000839261243930389,0.0273429674994265
-0.921875,-0.000956558949865046,-0.000768425137337073,0.0289498860629733
-0.90625,-0.00083417104846565,-0.000633828782722752,0.0308285134337161
-0.890625,-0.00064496362390039,-0.000430174248855281,0.0330516234776702
-0.875,-0.000392540842835557,-0.000160723876847797,0.0356718160474845
-0.859375,-9.00949269344024e-05,0.000161482682290697,0.0387125685978375
-0.84375,0.000240859349584444,0.000514885634583395,0.0421669535230406
-0.828125,0.000574002050278158,0.000872989710755118,0.0460079907419935
-0.8125,0.000882767407665132,0.00120906971316848,0.0502111472652106
-0.796875,0.00114412331169539,0.00150014346469896,0.0547841067327719
-0.78125,0.00133991840192604,0.00172849540623108,0.0597939299170361
-0.765625,0.00145504836961953,0.00187992576484365,0.0653798060922317
-0.75,0.0014729426979908,0.0019391660648048,0.0717420923320427
-0.734375,0.00137000535078775,0.00188407283167021,0.0791043077278517
-0.71875,0.00111136400839225,0.00168097759692717,0.0876516999598644
-0.703125,0.000650490442167381,0.00128381659355646,0.0974557400238154
-0.6875,-6.51260570394925e-05,0.000639308739031101,0.108397883458644
-0.671875,-0.00108121762447354,-0.000300677854330324,0.12010885820913
-0.65625,-0.00241792256381144,-0.00156048619618862,0.13194164735932
-0.640625,-0.00404869532405789,-0.00311942745465843,0.142995023486788
-0.625,-0.00588319335050325,-0.00489413131008388,0.152196104435482
-0.609375,-0.00776109841701583,-0.00673150732302266,0.158432683960639
-0.59375,-0.00946154493477008,-0.00841720402689518,0.160702373951973
-0.578125,-0.0107276410400846,-0.00969939301237273,0.158226013956472
-0.5625,-0.0112993522811372,-0.0103215057667629,0.150470267932318
-0.546875,-0.0109437208348447,-0.0100531100498227,0.137046501138711
-0.53125,-0.00947142060466488,-0.00870786295349777,0.11749566283048
-0.515625,-0.00673341529703788,-0.00614193683294632,0.0910162501576211
-0.5,-0.002599206661703,-0.0022338186604645,0.0562256239986596
-0.484375,0.00307402259438239,0.00314584818051881,0.0110524658333092
-0.46875,0.0104665763182369,0.0101601037918335,-0.0471597561416132
-0.453125,0.0197990637048063,0.0190108176554215,-0.121294694519031
-0.4375,0.0312985874477071,0.0299088197334161,-0.21385638467695
-0.421875,0.0451213125743233,0.0430015760573003,-0.326183421399683
-0.40625,0.0612371601569699,0.0582632053195383,-0.45762987813406
-0.390625,0.0792992893100046,0.0753680850379722,-0.604930683306555
-0.375,0.0985371838861951,0.0935852661036667,-0.761997291561259
-0.359375,0.11771895950225,0.111738126119136,-0.92032603111696
-0.34375,0.135217455138241,0.128263791749988,-1.07002436247476
-0.328125,0.149183690740552,0.141377520362857,-1.20120748091913
-0.3125,0.157789370018273,0.149306799420462,-1.30529142543822
-0.296875,0.159465644057137,0.150525957653778,-1.37563205326247
-0.28125,0.153056979895241,0.143912772413096,-1.40710359922628
-0.265625,0.137834477198336,0.128771876696664,-1.39454597997176
-0.25,0.113364046013207,0.104718179926265,-1.33041920944156
-0.234375,0.0792821655852022,0.0714685284108719,-1.20235646583008
-0.21875,0.0350766083023968,0.0286329942651743,-0.991538361471475
-0.203125,-0.0200081972753854,-0.0243812792215078,-0.672926479207269
-0.1875,-0.0868232045503095,-0.0882424849138526,-0.218397768396244
-0.171875,-0.165834740037119,-0.163258759181494,0.39638994856208
-0.15625,-0.256290104684691,-0.24861373554294,1.1812337667795
-0.140625,-0.355128123458314,-0.341364683806727,2.1179074850717
-0.125,-0.455908934137605,-0.435456828928766,3.14715418556553
-0.109375,-0.548218924133289,-0.521175814654272,4.16137284247959
-0.09375,-0.618092756207985,-0.58554068751661,5.00908723990938
-0.078125,-0.649860286561178,-0.614016505752658,5.51561336332657
-0.0625,-0.629405564764762,-0.593536391508642,5.51952073359135
-0.046875,-0.548199111904638,-0.51624187357283,4.91755520265949
-0.03125,-0.406887679936079,-0.38281356099138,3.70450686748226
-0.015625,-0.21703237528217,-0.204083005542253,1.9926390345286
0,0,3.37925489812054e-12,5.19997139077742e-10
0.015625,0.21703237528217,0.204083005547189,-1.99263903376911
0.03125,0.406887679936079,0.382813560991372,-3.70450686748344
0.046875,0.548199111904638,0.516241873566174,-4.91755520368378
0.0625,0.629405564764762,0.593536391495508,-5.51952073561244
0.078125,0.649860286561178,0.614016505735003,-5.51561336604319
0.09375,0.618092756207985,0.585540687497597,-5.00908724283524
0.109375,0.548218924133288,0.521175814637383,-4.16137284507834
0.125,0.455908934137605,0.435456828916914,-3.14715418738943
0.140625,0.355128123458314,0.341364683801574,-2.11790748586459
0.15625,0.256290104684691,0.248613735544626,-1.18123376652011
0.171875,0.165834740037119,0.16325875918877,-0.396389947442376
0.1875,0.0868232045503095,0.0882424849245612,0.218397770044082
0.203125,0.0200081972753854,0.0243812792332182,0.672926481009265
0.21875,-0.0350766083023968,-0.0286329942545545,0.991538363105633
0.234375,-0.0792821655852022,-0.0714685284026726,1.20235646709179
0.25,-0.113364046013207,-0.104718179920895,1.33041921026798
0.265625,-0.137834477198336,-0.12877187669371,1.39454598042626
0.28125,-0.153056979895241,-0.14391277241161,1.40710359945495
0.296875,-0.159465644057137,-0.150525957652624,1.37563205344006
0.3125,-0.157789370018273,-0.149306799418629,1.3052914257202
0.328125,-0.149183690740552,-0.141377520359666,1.2012074814101
0.34375,-0.135217455138241,-0.128263791745175,1.0700243632153
0.359375,-0.11771895950225,-0.111738126112847,0.920326032084644
0.375,-0.0985371838861952,-0.093585266096391,0.761997292680848
0.390625,-0.0792992893100046,-0.0753680850304354,0.604930684466309
0.40625,-0.0612371601569699,-0.0582632053125607,0.457629879207781
0.421875,-0.0451213125743233,-0.0430015760516264,0.326183422272771
0.4375,-0.0312985874477071,-0.0299088197295539,0.213856385271266
0.453125,-0.0197990637048063,-0.0190108176535379,0.121294694808878
0.46875,-0.0104665763182369,-0.010160103791748,0.0471597561547639
0.484375,-0.00307402259438238,-0.00314584818179683,-0.0110524660299712
0.5,0.002599206661703,0.00223381865835511,-0.0562256243232506
0.515625,0.00673341529703789,0.0061419368304731,-0.0910162505382009
0.53125,0.00947142060466486,0.00870786295095244,-0.11749566322215
0.546875,0.0109437208348448,0.0100531100472943,-0.137046501527783
0.5625,0.0112993522811372,0.010321505764195,-0.150470268327469
0.578125,0.0107276410400846,0.00969939300967316,-0.158226014371876
0.59375,0.00946154493477006,0.00841720402404433,-0.160702374390656
0.609375,0.00776109841701584,0.00673150732013193,-0.158432684405464
0.625,0.00588319335050327,0.00489413130738271,-0.152196104851138
0.640625,0.00404869532405792,0.00311942745242342,-0.142995023830712
0.65625,0.00241792256381143,0.00156048619465126,-0.131941647595886
0.671875,0.00108121762447352,0.000300677853602616,-0.120108858321108
0.6875,6.51260570395055e-05,-0.000639308738988803,-0.108397883452137
0.703125,-0.000650490442167392,-0.00128381659291988,-0.0974557399258559
0.71875,-0.00111136400839226,-0.00168097759595497,-0.0876516998102613
0.734375,-0.00137000535078776,-0.00188407283063487,-0.0791043075685335
0.75,-0.0014729426979908,-0.00193916606392912,-0.0717420921972951
0.765625,-0.00145504836961952,-0.00187992576426052,-0.0653798060025018
0.78125,-0.00133991840192605,-0.00172849540597171,-0.059793929877122
0.796875,-0.00114412331169537,-0.00150014346470603,-0.0547841067338634
0.8125,-0.000882767407665118,-0.00120906971332618,-0.0502111472894782
0.828125,-0.000574002050278162,-0.000872989710928642,-0.0460079907686947
0.84375,-0.000240859349584425,-0.000514885634661068,-0.0421669535349959
0.859375,9.00949269343758e-05,-0.000161482682220064,-0.0387125685869645
0.875,0.000392540842835557,0.000160723877041172,-0.0356718160177282
0.890625,0.000644963623900393,0.000430174249073012,-0.0330516234441662
0.90625,0.00083417104846563,0.000633828782822691,-0.0308285134183344
0.921875,0.000956558949864995,0.000768425137178996,-0.0289498860872903
0.9375,0.0010169523308765,0.000839261243423082,-0.0273429675774919
0.953125,0.00102577450020351,0.000857287289687532,-0.0259266820884765
0.96875,0.00099571632076181,0.000835702187043787,-0.0246228515616425
0.984375,0.000938937381856655,0.000787098664259233,-0.0233648248304104
1,0.000865360256333158,0.000721722366993592,-0.0221028876990846
1.015625,0.00078212251546971,0.000646910102828974,-0.020806381838815
1.03125,0.000693922171472671,0.000567441753274872,-0.0194627092643385
1.046875,0.000603861185968768,0.000486407168512703,-0.0180737336755241
1.0625,0.000514393267177534,0.000406187650184919,-0.0166505969406439
1.078125,0.000428050337617997,0.000329217165832395,-0.0152083722962348
1.09375,0.000347735191508565,0.000258301915324139,-0.01376192360633
1.109375,0.00027652744388082,0.000196440326775887,-0.0123237438509629
1.125,0.000217132836847876,0.000146274127441562,-0.0109036835873249
1.140625,0.000171246753197018,0.000109446357444581,-0.00950979726418764
1.15625,0.000139128548040456,8.61692287485652e-05,-0.00814933923291909
1.171875,0.000119572922515373,7.51924531124107e-05,-0.00682923242437349
1.1875,0.000110275696218982,7.41703574438414e-05,-0.00555586170162765
1.203125,0.000108426598651526,8.02584141916743e-05,-0.00433449851335088
1.21875,0.000111300287241205,9.07072645768207e-05,-0.00316883845500936
1.234375,0.000116667759960135,0.000103274102596513,-0.00206100567161859
1.25,0.00012296061232453,0.00011638349644976,-0.00101208152133346
1.265625,0.000129222069177969,0.000129072966494634,-2.29438059870372e-05
1.28125,0.000134931720776154,0.000140812339107285,0.000904905016161175
1.296875,0.000139795466092469,0.000151290039274929,0.00176877606158793
1.3125,0.000143570508982219,0.000160236888241368,0.00256460959437015
1.328125,0.000145967665371362,0.00016732966271478,0.00328716768591266
1.34375,0.000146646586007611,0.000172189792347236,0.00393056890347778
1.359375,0.000145291885455655,0.000174464962018021,0.00448913053553995
1.375,0.000141730647479945,0.000173953641487924,0.00495844948127107
1.390625,0.000136034279749599,0.000170714431964158,0.00533655509218354
1.40625,0.00012855285415057,0.000165106526409636,0.00562485091256992
1.421875,0.000119860477868273,0.000157737701397641,0.00582851796188371
1.4375,0.000110631913750578,0.000149338567122009,0.00595614998667668
1.453125,0.000101500671871988,0.000140613305997988,0.00601862199226998
1.46875,9.29514002316392e-05,0.000132121477770223,0.00602746134032242
1.484375,8.52767530682129e-05,0.000124223960222125,0.00599316621731216
1.5,7.85974822029505e-05,0.000117094664442618,0.00592391673037611
1.515625,7.29218361406069e-05,0.000110775958456959,0.00582496316503071
1.53125,6.82140778361166e-05,0.000105247974937217,0.00569874754111692
1.546875,6.44484825983007e-05,0.000100487294765297,0.00554562463844351
1.5625,6.16363107762778e-05,9.65010018184397e-05,0.00536495178473716
1.578125,5.98230610905604e-05,9.33318047617562e-05,0.00515629964842315
1.59375,5.90606296615949e-05,9.10373446814446e-05,0.00492055226040334
1.609375,5.93651103557663e-05,8.965304130388e-05,0.00466068346911707
1.625,6.06759791394306e-05,8.91530525335433e-05,0.00438203010447105
1.640625,6.28338088265083e-05,8.94258505671158e-05,0.00409196288656486
1.65625,6.55884444285148e-05,9.02766222440336e-05,0.00379899777322284
1.671875,6.863790294362e-05,9.14581183626427e-05,0.00351155715942866
1.6875,7.16850997878036e-05,9.27191906555188e-05,0.00323670969017355
1.703125,7.44919350805768e-05,9.38527451860304e-05,0.00297922653619964
1.71875,7.6912467503891e-05,9.47263163393516e-05,0.00274118132833211
1.734375,7.8897054318971e-05,9.52874539074311e-05,0.00252214205536271
1.75,8.04712428420689e-05,9.55469328497414e-05,0.00231983555841633
1.765625,8.17008818140345e-05,9.55498526480596e-05,0.0021310689574999
1.78125,8.26562328988291e-05,9.5345925987632e-05,0.00195268019160736
1.796875,8.33845983031821e-05,9.49672754566724e-05,0.0017823334327416
1.8125,8.38963532772313e-05,9.44178182816333e-05,0.00161903492519565
1.828125,8.41653868537998e-05,9.36747876622721e-05,0.00146329926679972
1.84375,8.41420792109727e-05,9.27004093372705e-05,0.00131694924328817
1.859375,8.3774480135834e-05,9.14597080867409e-05,0.00118259695350431
1.875,8.30312055065219e-05,8.99387539341172e-05,0.00106292822787302
1.890625,8.19186595003396e-05,8.81571302917297e-05,0.000959971076922046
1.90625,8.04867059722911e-05,8.61699885980794e-05,0.000874539149924385
1.921875,7.88209749460327e-05,8.40587734190029e-05,0.000805988391856773
1.9375,7.7025018856086e-05,8.19140940939115e-05,0.000752327129219829
1.953125,7.51990525534405e-05,7.98170719146435e-05,0.000710617259848244
1.96875,7.34223421871369e-05,7.78253792762713e-05,0.000677535953525282
1.984375,7.17437058051759e-05,7.59674755857785e-05,0.000649950438263163
2,7.01808798145295e-05,7.42450071511559e-05,0.000625384782032505
2.015625,6.87266571103045e-05,7.26407943239871e-05,0.000602304417522529
2.03125,6.73585960035717e-05,7.11290222044403e-05,0.000580190277639575
2.046875,6.60493753089668e-05,6.96847629938727e-05,0.000559410654887536
2.0625,6.47756570042769e-05,6.82909337614007e-05,0.000540928077898915
2.078125,6.35240267019955e-05,6.69416805806257e-05,0.000525905944601605
2.09375,6.22931847524547e-05,6.56419331234703e-05,0.000515302818200494
2.109375,6.10923054863148e-05,6.44036649866755e-05,0.000509549447602525
2.125,5.99364419294598e-05,6.32402259033106e-05,0.000508383731422227
2.140625,5.8840717765639e-05,6.21606836511282e-05,0.000510873791512516
2.15625,5.78153269899499e-05,6.11660434954114e-05,0.000515605673212045
2.171875,5.68628136737725e-05,6.02483984555944e-05,0.000520971176702787
2.1875,5.59779995775136e-05,5.93928576997854e-05,0.000525475735768066
2.203125,5.51498846213493e-05,5.85811164946586e-05,0.000527995315957236
2.21875,5.43643796126784e-05,5.77952205974316e-05,0.000527935166327504
2.234375,5.36069125256092e-05,5.70204391895166e-05,0.00052527085198121
2.25,5.28644470904302e-05,5.62468144528696e-05,0.000520476082688129
2.265625,5.21268601780036e-05,5.54694824562066e-05,0.000514360139760335
2.28125,5.13877589781386e-05,5.46880819301075e-05,0.000507851152042694
2.296875,5.06447644511844e-05,5.39055746276522e-05,0.000501770956604045
2.3125,4.98992338079443e-05,5.3126768698897e-05,0.000496650581316726
2.328125,4.91554526161042e-05,5.2356844997013e-05,0.00049262779202118
2.34375,4.84194615918865e-05,5.16001863941086e-05,0.000489447480942922
2.359375,4.76977794188256e-05,5.08597210547467e-05,0.000486557141790111
2.375,4.69962635408339e-05,5.01368079708835e-05,0.000483264556243033
2.390625,4.63192418044485e-05,4.94315070089502e-05,0.000478912970812645
2.40625,4.56689440582282e-05,4.87429930795249e-05,0.000473032293997123
2.421875,4.50452338213735e-05,4.80699269886252e-05,0.000465437453218951
2.4375,4.44456693541271e-05,4.74107209281802e-05,0.000456259850827795
2.453125,4.38659364587309e-05,4.67637362838535e-05,0.000445911203538336
2.46875,4.33006390083757e-05,4.61274704857025e-05,0.000434990648880144
2.484375,4.27443237644912e-05,4.55007447708411e-05,0.000424155939876837
2.5,4.21925183893917e-05,4.48828531686375e-05,0.000413986642187677
2.515625,4.16425339603933e-05,4.42736205675319e-05,0.000404869579130821
2.53125,4.10938410588473e-05,4.36733490150435e-05,0.000396932696079338
2.546875,4.0547945396741e-05,4.30826763143656e-05,0.000390042439896961
2.5625,4.0007819694632e-05,4.25023950185906e-05,0.000383863328094549
2.578125,3.94770516936863e-05,4.19332731167233e-05,0.000377961459382984
2.59375,3.89589197400464e-05,4.13758982332522e-05,0.000371922787588011
2.609375,3.84556032905153e-05,4.08305573945859e-05,0.00036545610697924
2.625,3.79676864646895e-05,4.02971659697967e-05,0.00035845851074144
2.640625,3.74940362601738e-05,3.97752563198423e-05,0.000351032384474495
2.65625,3.70320537416699e-05,3.926402134159e-05,0.000343453453930965
2.671875,3.65782250424869e-05,3.87623940636973e-05,0.000336098245481062
2.6875,3.61288499174891e-05,3.82691479429496e-05,0.000329347410469746
2.703125,3.56807991005791e-05,3.7783017929747e-05,0.000323487813094736
2.71875,3.52321449857881e-05,3.73028469557411e-05,0.00031863802309115
2.734375,3.47825268475799e-05,3.68277450652707e-05,0.000314716602935275
2.75,3.43331604602599e-05,3.63572240020426e-05,0.000311461337712044
2.765625,3.38864818742489e-05,3.58912622026287e-05,0.000308494051696617
2.78125,3.34455060494137e-05,3.54302703638397e-05,0.000305414002897248
2.796875,3.30130509050328e-05,3.49749533878659e-05,0.000301896041873057
2.8125,3.25910023172891e-05,3.45260870050411e-05,0.000297769340236456
2.828125,3.21797747469775e-05,3.40842446249604e-05,0.000293058356906323
2.84375,3.17780742510988e-05,3.36495259063579e-05,0.000287977538243209
2.859375,3.13830167874624e-05,3.32213523405729e-05,0.000282881657969637
2.875,3.09906015143755e-05,3.27983984977644e-05,0.000278182406399245
2.890625,3.05964767664958e-05,3.23787093771387e-05,0.000274248580425469
2.90625,3.01968584651783e-05,3.196000802352e-05,0.000271312095046092
2.921875,2.97893853176842e-05,3.15401304308509e-05,0.000269403308583616
2.9375,2.93736670894948e-05,3.1117463389761e-05,0.000268334030610451
2.953125,2.89513410270374e-05,3.06912417044211e-05,0.000267734575163935
2.96875,2.85255920744505e-05,3.02616039007242e-05,0.00026713616175256
2.984375,2.8100257933564e-05,2.98293923817799e-05,0.000266077876117935
3,2.76787577906135e-05,2.93957686141593e-05,0.000264212302098289
3.015625,2.726311369603e-05,2.8961756875638e-05,0.000261385903206455
3.03125,2.68532873308735e-05,2.85278274225612e-05,0.000257676938615336
3.046875,2.64469734157407e-05,2.80936078224911e-05,0.000253382833326178
3.0625,2.6039908269259e-05,2.76577935062585e-05,0.000248958933244059
3.078125,2.56266721216986e-05,2.72183108734898e-05,0.000244920144330336
3.09375,2.52018689059256e-05,2.67727425460297e-05,0.000241724824949164
3.109375,2.47614505798026e-05,2.63189410977554e-05,0.000239665440427895
3.125,2.43038502617104e-05,2.58556624675823e-05,0.000238791666141573
3.140625,2.38305719553984e-05,2.53830034410727e-05,0.000238886960440259
3.15625,2.33460094762299e-05,2.49024760177154e-05,0.000239507871718355
3.171875,2.28565094974923e-05,2.44166843386846e-05,0.000240078502018975
3.1875,2.23689455401434e-05,2.3928718391374e-05,0.000240016644113508
3.203125,2.18892090181305e-05,2.34414648767684e-05,0.000238859935087254
3.21875,2.14209997540816e-05,2.29570270898029e-05,0.000236362702489389
3.234375,2.09651585870972e-05,2.247637085686e-05,0.000232544179266539
3.25,2.05196217390942e-05,2.19992303307491e-05,0.000227681029638615
3.265625,2.0079956884058e-05,2.15242576356531e-05,0.000222247886424603
3.28125,1.96403708089912e-05,2.10493849835097e-05,0.000216818015142063
3.296875,1.91950233046055e-05,2.05723549160064e-05,0.000211942726749653
3.3125,1.87394104640773e-05,2.00913320533276e-05,0.000208032652126538
3.328125,1.82715054433385e-05,1.96054444467725e-05,0.000205265505681656
3.34375,1.77923282719304e-05,1.91150678425986e-05,0.000203542145599888
3.359375,1.730572661387e-05,1.86217218724718e-05,0.000202504336057459
3.375,1.68173881407009e-05,1.81275952271626e-05,0.000201613656589907
3.390625,1.63333739806291e-05,1.76348784007893e-05,0.000200274497007239
3.40625,1.58586189037238e-05,1.71451544291628e-05,0.00019797109502518
3.421875,1.53958093862101e-05,1.66590403321701e-05,0.000194385004297539
3.4375,1.49448711832518e-05,1.61761386791304e-05,0.000189466493235648
3.453125,1.45030951419156e-05,1.56952427264079e-05,0.000183446751424166
3.46875,1.40657987986112e-05,1.52146940081205e-05,0.000176791109299643
3.484375,1.36273726837784e-05,1.47328072203994e-05,0.000170103414453981
3.5,1.31825443314955e-05,1.42483083152914e-05,0.000163998940362318
3.515625,1.27276599154946e-05,1.37607385215438e-05,0.000158969339627733
3.53125,1.22617270934383e-05,1.32707489388233e-05,0.000155267503839074
3.546875,1.17869296889613e-05,1.27801747925625e-05,0.000152839790973707
3.5625,1.13083879482954e-05,1.22917908865908e-05,0.000151325286162538
3.578125,1.08331350271493e-05,1.18087485515232e-05,0.000150126657152185
3.59375,1.03685537400677e-05,1.1333845110734e-05,0.000148538292095722
3.609375,9.92072407383124e-06,1.08688763811405e-05,0.00014590094623669
3.625,9.49314387285609e-06,1.04142860727412e-05,0.000141744651724987
3.640625,9.08610159083036e-06,9.96917474845149e-06,0.000135886616844064
3.65625,8.69673060927278e-06,9.53157868250555e-06,0.000128465778029071
3.671875,8.31960520217869e-06,9.09887255734665e-06,0.000119913059973483
3.6875,7.94769698189378e-06,8.66818912691216e-06,0.000110868775938127
3.703125,7.573541596254e-06,8.23681354271483e-06,0.000102063775887986
3.71875,7.19048807117964e-06,7.80254270305587e-06,9.41824949967325e-05
3.734375,6.79388021664036e-06,7.36399343993859e-06,8.77285833721376e-05
3.75,6.38196643786645e-06,6.92081634419798e-06,8.29178082542824e-05
3.765625,5.95630153540217e-06,6.47374683901729e-06,7.96240844864126e-05
3.78125,5.52145539501037e-06,6.02443162044408e-06,7.73975938882609e-05
3.796875,5.08401371368486e-06,5.57503291515453e-06,7.5557656256848e-05
3.8125,4.65109723510455e-06,5.12771605829124e-06,7.33417371461148e-05
3.828125,4.22880953209155e-06,4.68419317995694e-06,7.0074084735216e-05
3.84375,3.82103213321177e-06,4.2454626610791e-06,6.53110424878029e-05
3.859375,3.42882001348687e-06,3.81177158539704e-06,5.89282927160558e-05
3.875,3.05042815264981e-06,3.38272898849647e-06,5.11341964909219e-05
3.890625,2.68184699925072e-06,2.95747842786181e-06,4.24139517848729e-05
3.90625,2.31767664931315e-06,2.53488026559935e-06,3.34231250590133e-05
3.921875,1.95217900280936e-06,2.11369441481717e-06,2.48538671077272e-05
3.9375,1.58035884135652e-06,1.69276325801291e-06,1.72967049965761e-05
3.953125,1.19891973014715e-06,1.27118622858771e-06,1.11203130788256e-05
3.96875,8.06927151240098e-07,8.48466244772554e-07,6.39200369548134e-06
3.984375,4.06011962391057e-07,4.24591073380062e-07,2.85893927867453e-06
