component_count,rank,repeat,max_workers,cpu_busy_percent,wall_seconds,merged_sha256
1500,6,1,32,2.212869,11.385805312,302581283e8d5a6d0e6db9ea012f3fa8b13ea1ec395cc71d02d2961788a1492a
1500,6,2,32,2.242414,11.181794304,9d02fb7cffb7cd7949b8258b695212917d5e4360ef58ec907072f2fd07502ac7
1500,6,3,32,2.304935,11.313500160,2d855efa0a7b103988d9f65ff5dd21e40c27a52d31b9830bd8b45846e875b802
1500,8,1,32,2.188047,21.161101056,e1e995421a1d20c0a41bab8829196e156c8c29078e62c657ec0e74871b84912b
1500,8,2,32,2.409438,19.932637952,4a51536fb1ffc8a60ad5b784fe4adde42488e9261148e8e1a63f2e2b4ceab4e6
1500,8,3,32,2.634980,20.210972160,5da392a99e74314f2c54cb795380c15ed43aa3be23b6dba4c1c06b9cdbda4683
1500,10,1,32,2.237873,35.332300544,f5d84b95847c915a06221a287f9fdaa1077c7f82d368e3ccaf1ec386042a778d
1500,10,2,32,3.074420,35.731666688,26cdb0b2b34845d09a663849e2f9fea147bbc96fd04286a9b3c0de977636553a
1500,10,3,32,2.188138,35.318672640,509af8b7b22001082e5f2b5638853f5427cd42efad26cc053cf2a16e537314f0
