seed,nominal_Akp,actual_kp_Hs_over_2,modal_points,modal_seconds,auxiliary_seconds,speedup,modal_HOS_relative,auxiliary_HOS_relative,modal_auxiliary_relative,modal_HOS_cosine,modal_HOS_norm_ratio,modal_q_projection_rms,modal_last_change,modal_converged,auxiliary_last_domain_change
20260925.0,0.02,0.003243134226438483,8192,12.102175600128248,130.763475,10.8049560112658,0.608177739746179,0.6082719740782853,0.007614740866660387,0.7938163366460912,0.7888626058307014,0.003068054344359456,0.0004560277295648681,True,0.004778218218766807
20260925.0,0.04,0.006486268452876966,8192,12.162895000074059,130.373138,10.718923249703806,0.5323456004341807,0.5324673409201722,0.007618761636746267,0.8465472573532689,0.8407079736668851,0.003068461481144297,0.00045620189586068684,True,0.004776345546966361
20260925.0,0.06,0.009729402679315447,8192,12.177408599993214,130.729894,10.735444485296556,0.5268882260692848,0.5270157457612217,0.007625538718937868,0.8499576162043222,0.8437004511775986,0.0030691391741001803,0.00045650831588360893,True,0.004773202903834899
20260925.0,0.08,0.012972536905753932,8192,12.202018399955705,130.52458,10.696966331445116,0.525711860328582,0.5258454786823863,0.007635185002704973,0.8506894330317106,0.843946172547966,0.003070086096736534,0.0004569718766382172,True,0.004768759270723969
20260925.0,0.1,0.01621567113219241,8192,12.025238999864087,130.642705,10.864042286517265,0.5251675069666906,0.5253087783730015,0.007647856850560695,0.8510305524736952,0.8436880993896267,0.0030713003449192896,0.00045762875368006136,True,0.0047629737845248125
20260925.0,0.12,0.019458805358630895,8192,12.022513200063258,130.093051,10.820786705338406,0.5247341526807291,0.5248848093260501,0.0076637522616082535,0.851304340361296,0.8432414061842151,0.0030727793918873857,0.0004585277058663712,True,0.004755798370986759
20260925.0,0.13999999999999999,0.022701939585069376,8192,11.982018199982122,130.09497,10.857517308744708,0.5242809177683888,0.5244427565063903,0.007683108291499051,0.851591941099885,0.8426860507831212,0.0030745200333307434,0.0004597316484307307,True,0.004747181230055377
20260925.0,0.16,0.025945073811507863,8192,12.327898199902847,129.72917,10.52321879175011,0.5237540890265777,0.5239289538303619,0.007706197558072199,0.8519266854132196,0.8420563717801655,0.0030765183246446864,0.0004613193624845337,True,0.004737071245124909
20260925.0,0.18,0.029188208037946337,8192,12.005090899998322,129.83794,10.815240057867296,0.5231182525426298,0.5233080308183383,0.007733323613874494,0.8523305040876337,0.8413763112130122,0.0030787695128378346,0.00046338707550075463,True,0.004725423394768804
20260926.0,0.02,0.0032431342264384825,8192,12.18589249998331,130.007998,10.668730090978404,0.5151947390586992,0.5154217323267193,0.0120045102153736,0.8571000570729796,0.8503083718428112,0.003053912010426359,0.0004558988248481861,True,0.004049390248932345
20260926.0,0.04,0.006486268452876965,8192,12.166324899997562,126.383037,10.387938678180896,0.40824705189183863,0.40859846749989276,0.01200411158777339,0.9129035612016241,0.9052506249687217,0.0030535310755165,0.0004556806081078867,True,0.004049602974760399
20260926.0,0.06,0.009729402679315447,8192,11.982369299978018,126.500756,10.557240628548485,0.39991024866885877,0.40029325724358594,0.012003462499656947,0.9165928717386019,0.908184571529521,0.0030528961536203654,0.0004553066012469388,True,0.004049970753474379
20260926.0,0.08,0.01297253690575393,8192,12.148284700000659,126.754673,10.43395640867662,0.3980182795202531,0.3984306861144045,0.012002586128456234,0.9174259994334706,0.9079912090932248,0.00305200726237471,0.0004547614975000691,True,0.004050513299288905
20260926.0,0.1,0.01621567113219241,8192,12.000492400024086,126.522026,10.543069549358329,0.397099273922062,0.39754670242404194,0.012001515368725457,0.9178386364426458,0.9070870832374465,0.0030508645540847186,0.00045402420156976856,True,0.004051257939124879
20260926.0,0.12,0.019458805358630895,8192,11.997910799924284,126.848047,10.572511257609992,0.3963673278221494,0.39685670995170547,0.01200029319751373,0.9181752366865935,0.9058130431371733,0.003049468446131576,0.0004530682075866958,True,0.0040522393548081655
20260926.0,0.13999999999999999,0.022701939585069376,8192,12.057833899976686,127.221911,10.550975577814684,0.39563692349653506,0.3961755307074173,0.01199897302452531,0.9185178344005592,0.9042494306462467,0.0030478197924687163,0.00045186219543203,True,0.004053499278542055
20260926.0,0.16,0.02594507381150786,8192,12.12560319993645,127.144774,10.485645283252083,0.3948482284289709,0.3954434383551667,0.011997618939656278,0.9188939979909636,0.9024227188264883,0.00304592009880746,0.00045037100661645736,True,0.004055086171045587
20260926.0,0.18,0.029188208037946337,8192,11.956001699902117,126.832596,10.608278518481505,0.3939773204986626,0.3946365370174791,0.01199630575754161,0.9193159308596317,0.9003446420363307,0.003043771784351008,0.0004485572600102824,True,0.00405705492779231
20260927.0,0.02,0.003243134226438483,8192,12.007952500134706,127.168074,10.590321205765381,0.7161625907432845,0.7161020643411906,0.003942626390430526,0.698145709044964,0.6809327070398395,0.0031344120566579696,0.00047500035921247633,True,0.0036246184042985456
20260927.0,0.04,0.006486268452876966,8192,12.156619400018826,126.929134,10.441153895120172,0.7155613236269496,0.7154997408506975,0.003942105065937028,0.6987701305251076,0.6812286600956349,0.003134367144127843,0.00047515491120007783,True,0.0036233904626319837
20260927.0,0.06,0.009729402679315447,8192,12.05259389989078,126.262231,10.475938378803601,0.7155310434850582,0.7154690808649169,0.003941247096232396,0.6988073460828654,0.6810202403544572,0.0031342937723845363,0.0004754184169778492,True,0.0036213621406681164
20260927.0,0.08,0.012972536905753932,8192,12.266268600011244,126.070344,10.277807221658625,0.7155459411581958,0.7154836201812387,0.003940069555026967,0.6987999728182804,0.6807058876300804,0.0031341941130781405,0.0004757996944135248,True,0.0036185618605528167
20260927.0,0.1,0.016215671132192414,8192,12.045217599952593,125.258945,10.399060370689607,0.7155799582213106,0.7155172268781622,0.003938597753800181,0.6987752390019496,0.6802952159975081,0.00313407110101156,0.0004763109504452806,True,0.003615031519609503
20260927.0,0.12,0.019458805358630895,8192,12.07464040000923,125.224393,10.370858994683129,0.7156314333245036,0.715568201647942,0.00393686658778291,0.6987351047930604,0.6797853018322759,0.003133928325531039,0.0004769676028768036,True,0.0036108286038596693
20260927.0,0.13999999999999999,0.022701939585069376,8192,12.114777999930084,125.623018,10.369403219829946,0.715702795146304,0.7156389153608856,0.003934922171476145,0.6986772915452574,0.6791721973068499,0.0031337698867127182,0.000477787988592566,True,0.003606028904501549
20260927.0,0.16,0.025945073811507863,8192,12.129804400028661,125.522353,10.348258624821964,0.7157977092586261,0.7157329386855721,0.003932823691518689,0.6985982229337012,0.6784528099068625,0.003133600213740218,0.0004787928993732024,True,0.0036007298170797563
20260927.0,0.18,0.029188208037946337,8192,11.997206900035962,125.721128,10.479199787712517,0.7159201138659278,0.7158540753008087,0.003930645397897815,0.6984939809495692,0.6776265215790539,0.0031334238429386193,0.00048000485861303014,True,0.0035950541730819657
